parameter,initvalue,optvalue,case,rec,param
kint(R1),-2.179358556,-2.11580525,case1,R1,kint
kdeg(R1),-4.25641185,-3.411425793,case1,R1,kdeg
krec4(R1),-2.175659351,-3.203925462,case1,R1,krec4
k4to11(R1),-3.609347453,-5.354450016,case1,R1,k4to11
krec11(R1),-2.256137612,-4.668754963,case1,R1,krec11
kint(R2),-1.974899039,-3.485146888,case1,R2,kint
kdeg(R2),-3.231073451,-3.611703374,case1,R2,kdeg
krec4(R2),-3.4292353,-4.507896437,case1,R2,krec4
k4to11(R2),-2.936591575,-4.603068725,case1,R2,k4to11
krec11(R2),-1.339523475,-1.000008686,case1,R2,krec11
kint(N1),-3.109439269,-3.730206956,case1,N1,kint
kdeg(N1),-5.68638584,-5.530929448,case1,N1,kdeg
krec4(N1),-2.450665623,-1.016445876,case1,N1,krec4
k4to11(N1),-2.024963602,-2.395482355,case1,N1,k4to11
krec11(N1),-1.936967035,-4.437885649,case1,N1,krec11
kint(R1),-1,-2.227509597,case2,R1,kint
kdeg(R1),-4.100458542,-3.648261654,case2,R1,kdeg
krec4(R1),-2.826813732,-3.855145693,case2,R1,krec4
k4to11(R1),-2.597326019,-3.532865659,case2,R1,k4to11
krec11(R1),-1,-1,case2,R1,krec11
kint(R2),-2.255769622,-3.642961333,case2,R2,kint
kdeg(R2),-2.930739014,-3.631638724,case2,R2,kdeg
krec4(R2),-3.539147242,-5.996841166,case2,R2,krec4
k4to11(R2),-3.37985353,-5.997963598,case2,R2,k4to11
krec11(R2),-1.947344527,-1.466355021,case2,R2,krec11
kint(N1),-3.08261529,-3.82156986,case2,N1,kint
kdeg(N1),-5.22849336,-5.416495173,case2,N1,kdeg
krec4(N1),-1.94573176,-1.523458191,case2,N1,krec4
k4to11(N1),-1,-1.000065149,case2,N1,k4to11
krec11(N1),-1.624226683,-3.287729209,case2,N1,krec11
kint(R1),-1,-2.171211252,case3,R1,kint
kdeg(R1),-4.515671683,-3.645565002,case3,R1,kdeg
krec4(R1),-1.972691173,-3.728692881,case3,R1,krec4
k4to11(R1),-3.510787067,-3.476656808,case3,R1,k4to11
krec11(R1),-1,-1.00790178,case3,R1,krec11
kint(R2),-2.720835157,-3.640942772,case3,R2,kint
kdeg(R2),-3.165719209,-3.632494991,case3,R2,kdeg
krec4(R2),-2.154145706,-6,case3,R2,krec4
k4to11(R2),-2.692418395,-6,case3,R2,k4to11
krec11(R2),-1.536554968,-1.196406335,case3,R2,krec11
kint(N1),-3.577032819,-3.69899172,case3,N1,kint
kdeg(N1),-5.817100532,-5.583675761,case3,N1,kdeg
krec4(N1),-1.117651948,-1.437267115,case3,N1,krec4
k4to11(N1),-1.138256557,-1.000638883,case3,N1,k4to11
krec11(N1),-1.076528011,-3.28413866,case3,N1,krec11
kint(R1),-1,-2.044321869,case4,R1,kint
kdeg(R1),-3.215083297,-3.642656043,case4,R1,kdeg
krec4(R1),-2.519748655,-3.690859755,case4,R1,krec4
k4to11(R1),-1.828098109,-3.245636372,case4,R1,k4to11
krec11(R1),-2.141811822,-1.010221026,case4,R1,krec11
kint(R2),-2.824865241,-3.642350967,case4,R2,kint
kdeg(R2),-3.766217285,-3.630135042,case4,R2,kdeg
krec4(R2),-3.559862633,-5.997056793,case4,R2,krec4
k4to11(R2),-3.02829749,-5.889713392,case4,R2,k4to11
krec11(R2),-2.153304217,-1.415917661,case4,R2,krec11
kint(N1),-2.670032927,-3.635261445,case4,N1,kint
kdeg(N1),-6,-5.212589121,case4,N1,kdeg
krec4(N1),-1,-1.690646677,case4,N1,krec4
k4to11(N1),-1,-1.000008686,case4,N1,k4to11
krec11(N1),-2.054620055,-3.083919969,case4,N1,krec11
kint(R1),-1.47653969,-2.108189452,case5,R1,kint
kdeg(R1),-4.49152415,-3.643419671,case5,R1,kdeg
krec4(R1),-3.020428864,-3.724136049,case5,R1,krec4
k4to11(R1),-2.309600115,-3.350139632,case5,R1,k4to11
krec11(R1),-2.206384206,-1,case5,R1,krec11
kint(R2),-2.527755647,-3.640828794,case5,R2,kint
kdeg(R2),-3.353419847,-3.628470368,case5,R2,kdeg
krec4(R2),-3.184827517,-5.881768352,case5,R2,krec4
k4to11(R2),-3.746274405,-5.739499302,case5,R2,k4to11
krec11(R2),-2.719080337,-1.922159897,case5,R2,krec11
kint(N1),-3.462722537,-3.65635512,case5,N1,kint
kdeg(N1),-5.920095532,-5.528943106,case5,N1,kdeg
krec4(N1),-2.590557213,-1.645315446,case5,N1,krec4
k4to11(N1),-1.608835448,-1.001178536,case5,N1,k4to11
krec11(N1),-1.064044564,-3.131355562,case5,N1,krec11
kint(R1),-1,-2.082468234,case6,R1,kint
kdeg(R1),-2.870858154,-3.64380199,case6,R1,kdeg
krec4(R1),-2.035240818,-3.604481406,case6,R1,krec4
k4to11(R1),-2.801178022,-3.350139632,case6,R1,k4to11
krec11(R1),-1,-1,case6,R1,krec11
kint(R2),-2.937530834,-3.642980421,case6,R2,kint
kdeg(R2),-4.40644812,-3.630505838,case6,R2,kdeg
krec4(R2),-3.38960603,-5.964530237,case6,R2,krec4
k4to11(R2),-3.717151397,-5.968551138,case6,R2,k4to11
krec11(R2),-1.84630706,-1.003479572,case6,R2,krec11
kint(N1),-3.153118814,-3.507239611,case6,N1,kint
kdeg(N1),-4.587421865,-5.99753155,case6,N1,kdeg
krec4(N1),-2.693510637,-1.375470396,case6,N1,krec4
k4to11(N1),-1.220396295,-1.003772989,case6,N1,k4to11
krec11(N1),-1,-3.085953174,case6,N1,krec11
kint(R1),-1.392309128,-2.081890994,case7,R1,kint
kdeg(R1),-3.14315636,-3.643400564,case7,R1,kdeg
krec4(R1),-3.18220994,-3.626536278,case7,R1,krec4
k4to11(R1),-3.169481902,-3.335442636,case7,R1,k4to11
krec11(R1),-1,-1.000034745,case7,R1,krec11
kint(R2),-2.61200543,-3.642980421,case7,R2,kint
kdeg(R2),-3.265568237,-3.631397041,case7,R2,kdeg
krec4(R2),-3.116026439,-5.998915619,case7,R2,krec4
k4to11(R2),-3.914673738,-5.999349046,case7,R2,k4to11
krec11(R2),-1.892722177,-1.017688054,case7,R2,krec11
kint(N1),-2.646045321,-3.529354342,case7,N1,kint
kdeg(N1),-5.952725133,-5.998742369,case7,N1,kdeg
krec4(N1),-1.468584954,-1.460021106,case7,N1,krec4
k4to11(N1),-1.624171842,-1.005612451,case7,N1,k4to11
krec11(N1),-1.371580415,-3.07443009,case7,N1,krec11
kint(R1),-1.495692283,-2.001000028,case8,R1,kint
kdeg(R1),-2.783148217,-3.642846824,case8,R1,kdeg
krec4(R1),-3.011369707,-3.638234401,case8,R1,krec4
k4to11(R1),-3.089994933,-3.187755303,case8,R1,k4to11
krec11(R1),-2.043586627,-1.008880295,case8,R1,krec11
kint(R2),-3.404966979,-3.643228638,case8,R2,kint
kdeg(R2),-3.14127036,-3.631359871,case8,R2,kdeg
krec4(R2),-3.160101061,-6,case8,R2,krec4
k4to11(R2),-3.587522652,-6,case8,R2,k4to11
krec11(R2),-1.941308317,-1.004259535,case8,R2,krec11
kint(N1),-3.493603216,-3.602807621,case8,N1,kint
kdeg(N1),-5.109824983,-5.833333117,case8,N1,kdeg
krec4(N1),-2.418744585,-1.735040582,case8,N1,krec4
k4to11(N1),-1.533592115,-1.044360347,case8,N1,k4to11
krec11(N1),-1.280337317,-3.042905358,case8,N1,krec11
kint(R1),-2.364385582,-2.057168809,case9,R1,kint
kdeg(R1),-3.171733337,-3.643285939,case9,R1,kdeg
krec4(R1),-3.007972549,-3.703620046,case9,R1,krec4
k4to11(R1),-1.692739358,-3.251463126,case9,R1,k4to11
krec11(R1),-1,-1,case9,R1,krec11
kint(R2),-2.322895148,-3.632961062,case9,R2,kint
kdeg(R2),-3.303407741,-3.634119082,case9,R2,kdeg
krec4(R2),-3.199207339,-5.606284441,case9,R2,krec4
k4to11(R2),-3.666109588,-5.99753155,case9,R2,k4to11
krec11(R2),-2.616417995,-1.069667463,case9,R2,krec11
kint(N1),-2.844694334,-3.647431614,case9,N1,kint
kdeg(N1),-6,-5.944774616,case9,N1,kdeg
krec4(N1),-1.689646611,-1.751904069,case9,N1,krec4
k4to11(N1),-1.435239277,-1.008167222,case9,N1,k4to11
krec11(N1),-2.435428615,-3.095690274,case9,N1,krec11
kint(R1),-1,-2.027635142,case10,R1,kint
kdeg(R1),-4.152236145,-3.642217564,case10,R1,kdeg
krec4(R1),-2.093110321,-3.685437622,case10,R1,krec4
k4to11(R1),-1.66828934,-3.215461158,case10,R1,k4to11
krec11(R1),-1,-1,case10,R1,krec11
kint(R2),-2.389158919,-3.635899479,case10,R2,kint
kdeg(R2),-3.25365387,-3.632234209,case10,R2,kdeg
krec4(R2),-2.952530425,-5.82457517,case10,R2,krec4
k4to11(R2),-2.357545373,-5.99865577,case10,R2,k4to11
krec11(R2),-1.203869901,-1.077461376,case10,R2,krec11
kint(N1),-3.47920216,-3.608994282,case10,N1,kint
kdeg(N1),-5.158778224,-5.737620112,case10,N1,kdeg
krec4(N1),-1.951053496,-1.737382818,case10,N1,krec4
k4to11(N1),-1.598513298,-1.018041028,case10,N1,k4to11
krec11(N1),-2.315504727,-3.050683195,case10,N1,krec11
kint(R1),-1.661902246,-2.124498874,case11,R1,kint
kdeg(R1),-3.320199751,-3.645699438,case11,R1,kdeg
krec4(R1),-2.402974319,-3.543239333,case11,R1,krec4
k4to11(R1),-2.390704471,-3.490394295,case11,R1,k4to11
krec11(R1),-1.982841402,-1.000039088,case11,R1,krec11
kint(R2),-2.429550467,-3.640714846,case11,R2,kint
kdeg(R2),-4.190500889,-3.630728467,case11,R2,kdeg
krec4(R2),-3.518614708,-5.778951088,case11,R2,krec4
k4to11(R2),-2.622420579,-5.883890586,case11,R2,k4to11
krec11(R2),-2.140165468,-1.124707175,case11,R2,krec11
kint(N1),-2.480933673,-3.539102157,case11,N1,kint
kdeg(N1),-6,-5.775208044,case11,N1,kdeg
krec4(N1),-1.033046778,-1.038498225,case11,N1,krec4
k4to11(N1),-1.899526064,-1.408256643,case11,N1,k4to11
krec11(N1),-2.373115822,-3.536734281,case11,N1,krec11
kint(R1),-1.126888747,-2.012445451,case12,R1,kint
kdeg(R1),-3.18116731,-3.642961333,case12,R1,kdeg
krec4(R1),-2.124441031,-3.587858781,case12,R1,krec4
k4to11(R1),-3.125106696,-3.224629882,case12,R1,k4to11
krec11(R1),-2.098956009,-1,case12,R1,krec11
kint(R2),-2.006585815,-3.639899091,case12,R2,kint
kdeg(R2),-3.61255678,-3.630023865,case12,R2,kdeg
krec4(R2),-2.21795041,-5.769474445,case12,R2,krec4
k4to11(R2),-4.001758103,-5.741793874,case12,R2,k4to11
krec11(R2),-1.615879658,-1.126394613,case12,R2,krec11
kint(N1),-3.023572066,-3.666230399,case12,N1,kint
kdeg(N1),-4.502365541,-5.889107399,case12,N1,kdeg
krec4(N1),-2.381596241,-1.717241979,case12,N1,krec4
k4to11(N1),-1.821051815,-1.109511914,case12,N1,k4to11
krec11(N1),-1,-3.100091991,case12,N1,krec11
kint(R1),-1.002146367,-2.154877144,case13,R1,kint
kdeg(R1),-3.880612126,-3.645910778,case13,R1,kdeg
krec4(R1),-1.664722675,-3.576786904,case13,R1,krec4
k4to11(R1),-3.314141868,-3.520539864,case13,R1,k4to11
krec11(R1),-1,-1,case13,R1,krec11
kint(R2),-2.681707051,-3.642846824,case13,R2,kint
kdeg(R2),-3.419656753,-3.631044055,case13,R2,kdeg
krec4(R2),-3.457037711,-6,case13,R2,krec4
k4to11(R2),-2.665787591,-5.938811495,case13,R2,k4to11
krec11(R2),-1,-1.186826145,case13,R2,krec11
kint(N1),-2.403820908,-3.787279846,case13,N1,kint
kdeg(N1),-4.65130581,-5.180258703,case13,N1,kdeg
krec4(N1),-1.66416113,-1.163448034,case13,N1,krec4
k4to11(N1),-1.883923828,-1.86588667,case13,N1,k4to11
krec11(N1),-1.932148339,-4.006762223,case13,N1,krec11
kint(R1),-1.088863707,-1.949736277,case14,R1,kint
kdeg(R1),-3.193291052,-3.640316263,case14,R1,kdeg
krec4(R1),-2.378117785,-3.618361553,case14,R1,krec4
k4to11(R1),-2.06631535,-3.110547021,case14,R1,k4to11
krec11(R1),-2.234502813,-1.005572858,case14,R1,krec11
kint(R2),-1.903228983,-3.642732345,case14,R2,kint
kdeg(R2),-3.035485809,-3.631471391,case14,R2,kdeg
krec4(R2),-3.063964043,-6,case14,R2,krec4
k4to11(R2),-3.604481406,-5.999652703,case14,R2,k4to11
krec11(R2),-1.659853449,-1.104903574,case14,R2,krec11
kint(N1),-2.909741947,-3.515429701,case14,N1,kint
kdeg(N1),-4.66488325,-4.802278478,case14,N1,kdeg
krec4(N1),-1.819902811,-1.771959135,case14,N1,krec4
k4to11(N1),-1.146697334,-1.001339691,case14,N1,k4to11
krec11(N1),-1,-2.960546221,case14,N1,krec11
kint(R1),-1,-2.000577996,case15,R1,kint
kdeg(R1),-3.464022689,-3.641912796,case15,R1,kdeg
krec4(R1),-2.26622513,-3.41240127,case15,R1,krec4
k4to11(R1),-3.449918476,-3.306484096,case15,R1,k4to11
krec11(R1),-2.135079736,-1.003921963,case15,R1,krec11
kint(R2),-2.193453745,-3.642846824,case15,R2,kint
kdeg(R2),-3.679479841,-3.631322705,case15,R2,kdeg
krec4(R2),-3.40885745,-6,case15,R2,krec4
k4to11(R2),-3.376492278,-6,case15,R2,k4to11
krec11(R2),-1.580159859,-1.026899868,case15,R2,krec11
kint(N1),-3.221154434,-3.275437427,case15,N1,kint
kdeg(N1),-4.466596575,-4.86157098,case15,N1,kdeg
krec4(N1),-1,-1.000030402,case15,N1,krec4
k4to11(N1),-1,-1.038355883,case15,N1,k4to11
krec11(N1),-1.21968989,-3.04529449,case15,N1,krec11
kint(R1),-2.147501708,-1.916819996,case16,R1,kint
kdeg(R1),-3.066948237,-3.638990287,case16,R1,kdeg
krec4(R1),-3.560067604,-3.654351859,case16,R1,krec4
k4to11(R1),-1.783543785,-3.050229542,case16,R1,k4to11
krec11(R1),-1,-1.000965206,case16,R1,krec11
kint(R2),-2.085678003,-3.643133153,case16,R2,kint
kdeg(R2),-4.441639484,-3.631359871,case16,R2,kdeg
krec4(R2),-3.067561752,-6,case16,R2,krec4
k4to11(R2),-3.846063246,-6,case16,R2,k4to11
krec11(R2),-1.503056521,-1.029388164,case16,R2,krec11
kint(N1),-3.461388569,-3.541573685,case16,N1,kint
kdeg(N1),-4.478286726,-4.819186224,case16,N1,kdeg
krec4(N1),-1.603451962,-1.956205608,case16,N1,krec4
k4to11(N1),-2.50541411,-1.022655997,case16,N1,k4to11
krec11(N1),-1.75880229,-2.943590679,case16,N1,krec11
kint(R1),-2.359379452,-1.889073758,case17,R1,kint
kdeg(R1),-3.817670959,-3.638801192,case17,R1,kdeg
krec4(R1),-1.867452158,-3.611419278,case17,R1,krec4
k4to11(R1),-1.74860515,-3.016563166,case17,R1,k4to11
krec11(R1),-1,-1.018684361,case17,R1,krec11
kint(R2),-2.349721625,-3.64305678,case17,R2,kint
kdeg(R2),-3.879097182,-3.631527162,case17,R2,kdeg
krec4(R2),-2.404834585,-6,case17,R2,krec4
k4to11(R2),-2.926648298,-6,case17,R2,k4to11
krec11(R2),-1.595354404,-1.418220954,case17,R2,krec11
kint(N1),-2.418699027,-3.512465706,case17,N1,kint
kdeg(N1),-4.521953237,-5.891299703,case17,N1,kdeg
krec4(N1),-1.964250163,-1.881900688,case17,N1,krec4
k4to11(N1),-2.224163909,-1.03118562,case17,N1,k4to11
krec11(N1),-2.638876821,-2.930442895,case17,N1,krec11
kint(R1),-1.693381996,-2.156206802,case18,R1,kint
kdeg(R1),-3.601157597,-3.641760492,case18,R1,kdeg
krec4(R1),-1.698492543,-3.687484144,case18,R1,krec4
k4to11(R1),-3.557363474,-3.44721015,case18,R1,k4to11
krec11(R1),-1.92024008,-1.003488328,case18,R1,krec11
kint(R2),-3.143397974,-3.64320954,case18,R2,kint
kdeg(R2),-3.422450758,-3.631378456,case18,R2,kdeg
krec4(R2),-3.112107134,-6,case18,R2,krec4
k4to11(R2),-3.965131004,-6,case18,R2,k4to11
krec11(R2),-1.894455754,-1.000278037,case18,R2,krec11
kint(N1),-1.927823656,-3.288732812,case18,N1,kint
kdeg(N1),-4.894183363,-6,case18,N1,kdeg
krec4(N1),-2.63874448,-1.011169137,case18,N1,krec4
k4to11(N1),-2.621656616,-1.019642061,case18,N1,k4to11
krec11(N1),-1.603678579,-3.077949598,case18,N1,krec11
kint(R1),-1.113368293,-1.930110003,case19,R1,kint
kdeg(R1),-3.118672416,-3.640335235,case19,R1,kdeg
krec4(R1),-2.473247306,-3.609294459,case19,R1,krec4
k4to11(R1),-2.407867674,-3.083314489,case19,R1,k4to11
krec11(R1),-2.065713698,-1.049922498,case19,R1,krec11
kint(R2),-2.827630623,-3.628156645,case19,R2,kint
kdeg(R2),-3.325019514,-3.64115181,case19,R2,kdeg
krec4(R2),-2.792419485,-5.999088938,case19,R2,krec4
k4to11(R2),-2.790726327,-5.992124256,case19,R2,k4to11
krec11(R2),-1.2205406,-1.259984885,case19,R2,krec11
kint(N1),-3.219884397,-3.529236806,case19,N1,kint
kdeg(N1),-4.451512309,-5.10210362,case19,N1,kdeg
krec4(N1),-1.94584676,-1.8188713,case19,N1,krec4
k4to11(N1),-1,-1.000008686,case19,N1,k4to11
krec11(N1),-1.445087049,-2.960030973,case19,N1,krec11
kint(R1),-1.190783817,-1.995979727,case20,R1,kint
kdeg(R1),-2.808325468,-3.641513112,case20,R1,kdeg
krec4(R1),-2.58151641,-3.662860337,case20,R1,krec4
k4to11(R1),-2.053056729,-3.169033012,case20,R1,k4to11
krec11(R1),-1,-1,case20,R1,krec11
kint(R2),-3.441471423,-3.62345954,case20,R2,kint
kdeg(R2),-3.09968204,-3.637442133,case20,R2,kdeg
krec4(R2),-2.808744658,-5.698514234,case20,R2,krec4
k4to11(R2),-2.568105756,-5.558603397,case20,R2,k4to11
krec11(R2),-2.487088912,-1.074394008,case20,R2,krec11
kint(N1),-2.816246294,-3.60018788,case20,N1,kint
kdeg(N1),-4.701867708,-5.702655385,case20,N1,kdeg
krec4(N1),-2.088576035,-1.779970406,case20,N1,krec4
k4to11(N1),-1.786508806,-1.04416799,case20,N1,k4to11
krec11(N1),-1.030411709,-3.031582434,case20,N1,krec11
kint(R1),-1.470672328,-2.01310292,case21,R1,kint
kdeg(R1),-3.780834778,-3.641589214,case21,R1,kdeg
krec4(R1),-2.782174019,-3.676088191,case21,R1,krec4
k4to11(R1),-2.015918461,-3.192120109,case21,R1,k4to11
krec11(R1),-1.140231442,-1.000004343,case21,R1,krec11
kint(R2),-3.204996404,-3.632569528,case21,R2,kint
kdeg(R2),-3.609471131,-3.62723524,case21,R2,kdeg
krec4(R2),-3.290551947,-5.330822637,case21,R2,krec4
k4to11(R2),-2.786482243,-5.7121535,case21,R2,k4to11
krec11(R2),-2.679708281,-2.007671861,case21,R2,krec11
kint(N1),-3.426942643,-3.568507575,case21,N1,kint
kdeg(N1),-4.85133566,-5.987289287,case21,N1,kdeg
krec4(N1),-1.889679703,-1.77389008,case21,N1,krec4
k4to11(N1),-1,-1,case21,N1,k4to11
krec11(N1),-1.611756663,-3.014425343,case21,N1,krec11
kint(R1),-1,-2.215332791,case22,R1,kint
kdeg(R1),-4.058677432,-3.647238808,case22,R1,kdeg
krec4(R1),-1.617496676,-3.672069195,case22,R1,krec4
k4to11(R1),-2.062537276,-3.623806413,case22,R1,k4to11
krec11(R1),-1.797402714,-1.003212603,case22,R1,krec11
kint(R2),-3.379905606,-3.64320954,case22,R2,kint
kdeg(R2),-2.593323592,-3.631378456,case22,R2,kdeg
krec4(R2),-2.469697826,-6,case22,R2,krec4
k4to11(R2),-3.013196926,-6,case22,R2,k4to11
krec11(R2),-2.829708941,-1.104124609,case22,R2,krec11
kint(N1),-2.32224709,-4.55918534,case22,N1,kint
kdeg(N1),-5.257856411,-5.455969182,case22,N1,kdeg
krec4(N1),-1.103606075,-1.438040421,case22,N1,krec4
k4to11(N1),-2.573098537,-1.984221244,case22,N1,k4to11
krec11(N1),-1.553991266,-4.24930651,case22,N1,krec11
kint(R1),-1,-1.940360862,case23,R1,kint
kdeg(R1),-4.411963717,-3.640335235,case23,R1,kdeg
krec4(R1),-2.528107149,-3.609771638,case23,R1,krec4
k4to11(R1),-1.816844085,-3.097110921,case23,R1,k4to11
krec11(R1),-1.306976932,-1.000004343,case23,R1,krec11
kint(R2),-1.997617925,-3.622129387,case23,R2,kint
kdeg(R2),-3.453778241,-3.641379966,case23,R2,kdeg
krec4(R2),-2.909107374,-5.946537395,case23,R2,krec4
k4to11(R2),-3.28121607,-5.604359141,case23,R2,k4to11
krec11(R2),-2.409626359,-1.00764092,case23,R2,krec11
kint(N1),-2.215767967,-3.463391061,case23,N1,kint
kdeg(N1),-5.829650261,-6,case23,N1,kdeg
krec4(N1),-1.290585864,-1.690625375,case23,N1,krec4
k4to11(N1),-2.162190683,-1.014470242,case23,N1,k4to11
krec11(N1),-1.779186103,-2.942714356,case23,N1,krec11
kint(R1),-1.449894001,-1.909565584,case24,R1,kint
kdeg(R1),-2.665968685,-3.641589214,case24,R1,kdeg
krec4(R1),-2.60086299,-3.114791488,case24,R1,krec4
k4to11(R1),-3.187400785,-3.416744533,case24,R1,k4to11
krec11(R1),-1.887797309,-1.000199821,case24,R1,krec11
kint(R2),-1.590286614,-3.63148998,case24,R2,kint
kdeg(R2),-3.123072391,-3.634306148,case24,R2,kdeg
krec4(R2),-2.173795577,-5.93711731,case24,R2,krec4
k4to11(R2),-2.940815382,-5.48160452,case24,R2,k4to11
krec11(R2),-1.686998013,-1.147263897,case24,R2,krec11
kint(N1),-3.508330206,-3.619228157,case24,N1,kint
kdeg(N1),-5.545734586,-5.696350439,case24,N1,kdeg
krec4(N1),-2.552686891,-1.278667619,case24,N1,krec4
k4to11(N1),-2.060655499,-2.439149243,case24,N1,k4to11
krec11(N1),-1.258714429,-4.926538271,case24,N1,krec11
kint(R1),-1.768810855,-1.886959582,case25,R1,kint
kdeg(R1),-3.075617323,-3.641113796,case25,R1,kdeg
krec4(R1),-1.700776077,-3.107343405,case25,R1,krec4
k4to11(R1),-2.50410892,-3.355079129,case25,R1,k4to11
krec11(R1),-1,-1.005586055,case25,R1,krec11
kint(R2),-1.540034863,-3.641665329,case25,R2,kint
kdeg(R2),-3.983635321,-3.631081198,case25,R2,kdeg
krec4(R2),-2.980634425,-5.999782907,case25,R2,krec4
k4to11(R2),-2.434825387,-5.859554812,case25,R2,k4to11
krec11(R2),-1.754684784,-1.026211966,case25,R2,krec11
kint(N1),-3.250225048,-3.378750996,case25,N1,kint
kdeg(N1),-6,-5.448940555,case25,N1,kdeg
krec4(N1),-1.621929306,-1.000004343,case25,N1,krec4
k4to11(N1),-2.416302584,-1.880117542,case25,N1,k4to11
krec11(N1),-1.134984908,-3.825562204,case25,N1,krec11
kint(R1),-1.722688821,-2.073107315,case26,R1,kint
kdeg(R1),-3.669708009,-3.644184645,case26,R1,kdeg
krec4(R1),-3.408078785,-3.497449984,case26,R1,krec4
k4to11(R1),-2.977076988,-3.390053603,case26,R1,k4to11
krec11(R1),-2.157328366,-1.000199821,case26,R1,krec11
kint(R2),-2.796858281,-3.618271381,case26,R2,kint
kdeg(R2),-3.175939283,-3.631694516,case26,R2,kdeg
krec4(R2),-3.577525068,-5.546834607,case26,R2,krec4
k4to11(R2),-3.549889518,-5.224193017,case26,R2,k4to11
krec11(R2),-2.778768387,-1.003427041,case26,R2,krec11
kint(N1),-2.178801007,-3.331018037,case26,N1,kint
kdeg(N1),-4.575526727,-5.614572485,case26,N1,kdeg
krec4(N1),-1,-1,case26,N1,krec4
k4to11(N1),-1.477868884,-1.04404781,case26,N1,k4to11
krec11(N1),-2.230054327,-3.126307471,case26,N1,krec11
kint(R1),-1.824111459,-1.882994003,case27,R1,kint
kdeg(R1),-3.452532978,-3.640164518,case27,R1,kdeg
krec4(R1),-2.085218009,-3.150052628,case27,R1,krec4
k4to11(R1),-3.503443951,-3.274987275,case27,R1,k4to11
krec11(R1),-2.089605074,-1,case27,R1,krec11
kint(R2),-2.043610635,-3.643324144,case27,R2,kint
kdeg(R2),-4.039424586,-3.631397041,case27,R2,kdeg
krec4(R2),-3.366905401,-6,case27,R2,krec4
k4to11(R2),-2.286148395,-5.999869731,case27,R2,k4to11
krec11(R2),-1.357862065,-1.064155305,case27,R2,krec11
kint(N1),-2.14548749,-5.183573087,case27,N1,kint
kdeg(N1),-5.433385762,-6,case27,N1,kdeg
krec4(N1),-1.804072686,-2.219906014,case27,N1,krec4
k4to11(N1),-2.473828786,-2.447173666,case27,N1,k4to11
krec11(N1),-1.64380199,-3.878013621,case27,N1,krec11
kint(R1),-1.288437394,-1.750043818,case28,R1,kint
kdeg(R1),-3.611259555,-3.639899091,case28,R1,kdeg
krec4(R1),-2.42387758,-2.852292766,case28,R1,krec4
k4to11(R1),-1.995077051,-3.448830676,case28,R1,k4to11
krec11(R1),-1,-1,case28,R1,krec11
kint(R2),-1.678919635,-3.643247738,case28,R2,kint
kdeg(R2),-3.940247306,-3.631397041,case28,R2,kdeg
krec4(R2),-3.083446044,-6,case28,R2,krec4
k4to11(R2),-3.742393414,-6,case28,R2,k4to11
krec11(R2),-2.907735639,-1.099616483,case28,R2,krec11
kint(N1),-2.285410412,-4.435061847,case28,N1,kint
kdeg(N1),-5.514420523,-6,case28,N1,kdeg
krec4(N1),-2.379947271,-1.907068924,case28,N1,krec4
k4to11(N1),-2.193840384,-2.858769781,case28,N1,k4to11
krec11(N1),-2.314849663,-4.593647203,case28,N1,krec11
kint(R1),-1.899216038,-1.803298888,case29,R1,kint
kdeg(R1),-2.606091527,-3.636200055,case29,R1,kdeg
krec4(R1),-2.757110878,-3.501772177,case29,R1,krec4
k4to11(R1),-3.521015283,-2.923359556,case29,R1,k4to11
krec11(R1),-1.803105653,-1.087129909,case29,R1,krec11
kint(R2),-2.620567567,-3.642541614,case29,R2,kint
kdeg(R2),-3.658426998,-3.630431653,case29,R2,kdeg
krec4(R2),-3.339011268,-5.97786043,case29,R2,krec4
k4to11(R2),-4.099605558,-5.893333238,case29,R2,k4to11
krec11(R2),-1.293538262,-1.522198883,case29,R2,krec11
kint(N1),-3.116418051,-3.514761391,case29,N1,kint
kdeg(N1),-6,-4.444276945,case29,N1,kdeg
krec4(N1),-1.931739906,-1.94573176,case29,N1,krec4
k4to11(N1),-1.847130946,-1.045010182,case29,N1,k4to11
krec11(N1),-1.631657321,-2.90868484,case29,N1,krec11
kint(R1),-1.396574131,-1.85754796,case30,R1,kint
kdeg(R1),-3.620712616,-3.63682065,case30,R1,kdeg
krec4(R1),-1.607443732,-3.659833605,case30,R1,krec4
k4to11(R1),-1.70333481,-2.963211467,case30,R1,k4to11
krec11(R1),-1.430520749,-1.020597325,case30,R1,krec11
kint(R2),-1.49965373,-3.621148054,case30,R2,kint
kdeg(R2),-4.070146997,-3.637800361,case30,R2,kdeg
krec4(R2),-2.501124542,-5.501634301,case30,R2,krec4
k4to11(R2),-3.211746759,-5.692846398,case30,R2,k4to11
krec11(R2),-1,-1.281614581,case30,R2,krec11
kint(N1),-1.927970799,-3.505706231,case30,N1,kint
kdeg(N1),-5.82976763,-5.855425792,case30,N1,kdeg
krec4(N1),-1.833126049,-2.120313606,case30,N1,krec4
k4to11(N1),-2.375243637,-1.000026058,case30,N1,k4to11
krec11(N1),-1.62167479,-2.905109803,case30,N1,krec11
kint(R1),-2.125268926,-1.964610291,case31,R1,kint
kdeg(R1),-3.819530038,-3.642065153,case31,R1,kdeg
krec4(R1),-1.808716699,-3.282837303,case31,R1,krec4
k4to11(R1),-2.353792388,-3.326628848,case31,R1,k4to11
krec11(R1),-1,-1.000008686,case31,R1,krec11
kint(R2),-3.236984033,-3.636463229,case31,R2,kint
kdeg(R2),-4.041512567,-3.627972207,case31,R2,kdeg
krec4(R2),-2.853004243,-5.526440045,case31,R2,krec4
k4to11(R2),-3.627603568,-5.663920691,case31,R2,k4to11
krec11(R2),-2.496250162,-1.107855289,case31,R2,krec11
kint(N1),-2.059115119,-3.350791748,case31,N1,kint
kdeg(N1),-5.025686387,-5.914245756,case31,N1,kdeg
krec4(N1),-1,-1.000204166,case31,N1,krec4
k4to11(N1),-2.087730105,-1.548566668,case31,N1,k4to11
krec11(N1),-1.128146965,-3.515842576,case31,N1,krec11
kint(R1),-1.528825682,-1.783016441,case32,R1,kint
kdeg(R1),-3.155423426,-3.639501256,case32,R1,kdeg
krec4(R1),-2.835676891,-2.94161194,case32,R1,krec4
k4to11(R1),-2.200204714,-3.321845962,case32,R1,k4to11
krec11(R1),-1,-1,case32,R1,krec11
kint(R2),-1.52619199,-3.643114059,case32,R2,kint
kdeg(R2),-3.724504369,-3.631322705,case32,R2,kdeg
krec4(R2),-2.622202167,-6,case32,R2,krec4
k4to11(R2),-2.255730493,-6,case32,R2,k4to11
krec11(R2),-1.091188043,-1.068613331,case32,R2,krec11
kint(N1),-1.644069813,-4.920456993,case32,N1,kint
kdeg(N1),-5.162487317,-6,case32,N1,kdeg
krec4(N1),-2.057431449,-2.148332017,case32,N1,krec4
k4to11(N1),-2.29475226,-2.57601727,case32,N1,k4to11
krec11(N1),-2.185472734,-3.89537634,case32,N1,krec11
kint(R1),-2.162613606,-1.929223537,case33,R1,kint
kdeg(R1),-3.101527133,-3.641779527,case33,R1,kdeg
krec4(R1),-2.136849702,-3.464553967,case33,R1,krec4
k4to11(R1),-1.951558196,-3.124227077,case33,R1,k4to11
krec11(R1),-1,-1.000008686,case33,R1,krec11
kint(R2),-2.680103141,-3.624409537,case33,R2,kint
kdeg(R2),-3.264944308,-3.629098495,case33,R2,kdeg
krec4(R2),-2.92808119,-5.314643477,case33,R2,krec4
k4to11(R2),-3.318469329,-5.384723469,case33,R2,k4to11
krec11(R2),-2.008432827,-1.04231132,case33,R2,krec11
kint(N1),-2.066305232,-3.487782695,case33,N1,kint
kdeg(N1),-5.065986613,-5.95093711,case33,N1,kdeg
krec4(N1),-1,-1.575363335,case33,N1,krec4
k4to11(N1),-1.94161194,-1.027936084,case33,N1,k4to11
krec11(N1),-2.485425686,-2.960347976,case33,N1,krec11
kint(R1),-1.490716811,-1.793578935,case34,R1,kint
kdeg(R1),-2.7294842,-3.636444426,case34,R1,kdeg
krec4(R1),-2.893231335,-3.472795581,case34,R1,krec4
k4to11(R1),-2.426756968,-2.912467024,case34,R1,k4to11
krec11(R1),-1,-1.000056462,case34,R1,krec11
kint(R2),-2.156773453,-3.623824677,case34,R2,kint
kdeg(R2),-4.40794544,-3.640733835,case34,R2,kdeg
krec4(R2),-2.656237025,-5.76275796,case34,R2,krec4
k4to11(R2),-3.449111532,-5.812620307,case34,R2,k4to11
krec11(R2),-1.860089444,-1,case34,R2,krec11
kint(N1),-3.03083579,-3.347453915,case34,N1,kint
kdeg(N1),-6,-5.941763831,case34,N1,kdeg
krec4(N1),-1.375625072,-1.807181743,case34,N1,krec4
k4to11(N1),-1.349478783,-1.011253811,case34,N1,k4to11
krec11(N1),-1,-2.795418824,case34,N1,krec11
kint(R1),-1.153347489,-2.003759847,case35,R1,kint
kdeg(R1),-4.047410953,-3.643324144,case35,R1,kdeg
krec4(R1),-1.77976112,-3.325037872,case35,R1,krec4
k4to11(R1),-2.349741058,-3.392180537,case35,R1,k4to11
krec11(R1),-2.036660861,-1.000026058,case35,R1,krec11
kint(R2),-2.696674322,-3.607443732,case35,R2,kint
kdeg(R2),-4.072455133,-3.638971374,case35,R2,kdeg
krec4(R2),-2.696717524,-5.743787541,case35,R2,krec4
k4to11(R2),-3.706063186,-5.081366895,case35,R2,k4to11
krec11(R2),-2.728623128,-1.283178949,case35,R2,krec11
kint(N1),-2.95939766,-3.477151656,case35,N1,kint
kdeg(N1),-5.989106687,-6,case35,N1,kdeg
krec4(N1),-2.642141352,-1.020610987,case35,N1,krec4
k4to11(N1),-1.71541137,-1.476175523,case35,N1,k4to11
krec11(N1),-1.47058248,-3.538576513,case35,N1,krec11
kint(R1),-2.042536384,-1.732054274,case36,R1,kint
kdeg(R1),-3.039415075,-3.63847992,case36,R1,kdeg
krec4(R1),-1.758080147,-2.895478747,case36,R1,krec4
k4to11(R1),-2.222370216,-3.240483241,case36,R1,k4to11
krec11(R1),-1.706814293,-1,case36,R1,krec11
kint(R2),-2.1807852,-3.643228638,case36,R2,kint
kdeg(R2),-2.958567835,-3.631378456,case36,R2,kdeg
krec4(R2),-2.698362417,-6,case36,R2,krec4
k4to11(R2),-2.87972228,-6,case36,R2,k4to11
krec11(R2),-1.776945587,-1.018575561,case36,R2,krec11
kint(N1),-1.794849791,-4.801590366,case36,N1,kint
kdeg(N1),-4.753279897,-6,case36,N1,kdeg
krec4(N1),-2.182289229,-2.097349959,case36,N1,krec4
k4to11(N1),-2.253466993,-2.729530794,case36,N1,k4to11
krec11(N1),-1.292651285,-4.124741901,case36,N1,krec11
kint(R1),-1.345496175,-1.972446546,case37,R1,kint
kdeg(R1),-4.387279703,-3.642065153,case37,R1,kdeg
krec4(R1),-1.725357305,-3.386464723,case37,R1,krec4
k4to11(R1),-1.997056793,-3.249121494,case37,R1,k4to11
krec11(R1),-1.214805458,-1,case37,R1,krec11
kint(R2),-1.771086594,-3.628211991,case37,R2,kint
kdeg(R2),-2.735559989,-3.628507291,case37,R2,kdeg
krec4(R2),-2.031194952,-5.434341046,case37,R2,krec4
k4to11(R2),-2.976089394,-5.422887512,case37,R2,k4to11
krec11(R2),-1.693853868,-1,case37,R2,krec11
kint(N1),-1.911544955,-3.227333635,case37,N1,kint
kdeg(N1),-5.013626925,-4.46824016,case37,N1,kdeg
krec4(N1),-2.299235728,-1.007888512,case37,N1,krec4
k4to11(N1),-1.32922552,-1.000595391,case37,N1,k4to11
krec11(N1),-1.615825861,-3.022454721,case37,N1,krec11
kint(R1),-2.049090185,-1.963371105,case38,R1,kint
kdeg(R1),-3.982257336,-3.639974911,case38,R1,kdeg
krec4(R1),-3.300691378,-3.711549552,case38,R1,krec4
k4to11(R1),-2.241428716,-3.107721696,case38,R1,k4to11
krec11(R1),-1,-1.001627306,case38,R1,krec11
kint(R2),-2.914281405,-3.625269979,case38,R2,kint
kdeg(R2),-3.496522558,-3.621438588,case38,R2,kdeg
krec4(R2),-2.862645889,-5.733862418,case38,R2,krec4
k4to11(R2),-3.65965505,-4.956952257,case38,R2,k4to11
krec11(R2),-1.466672883,-1.257534109,case38,R2,krec11
kint(N1),-3.124568297,-3.606056461,case38,N1,kint
kdeg(N1),-5.134605803,-5.991825816,case38,N1,kdeg
krec4(N1),-2.346420903,-2.064165373,case38,N1,krec4
k4to11(N1),-2.049002666,-1.012758407,case38,N1,k4to11
krec11(N1),-2.279245501,-2.990251744,case38,N1,krec11
kint(R1),-2.296167166,-2.128129465,case39,R1,kint
kdeg(R1),-4.461476535,-3.644778428,case39,R1,kdeg
krec4(R1),-2.682542594,-3.795771457,case39,R1,krec4
k4to11(R1),-2.138824164,-3.356833657,case39,R1,k4to11
krec11(R1),-1,-1.032073117,case39,R1,krec11
kint(R2),-2.027843464,-3.621021006,case39,R2,kint
kdeg(R2),-2.602912044,-3.640449083,case39,R2,kdeg
krec4(R2),-3.489374572,-5.775337471,case39,R2,krec4
k4to11(R2),-2.370641377,-5.818184985,case39,R2,k4to11
krec11(R2),-1.308485314,-1.050044315,case39,R2,krec11
kint(N1),-3.519346411,-3.531076946,case39,N1,kint
kdeg(N1),-4.616543703,-5.999869731,case39,N1,kdeg
krec4(N1),-1.669484768,-1.866301454,case39,N1,krec4
k4to11(N1),-1.420090705,-1.000125964,case39,N1,k4to11
krec11(N1),-1.628784318,-3.047270503,case39,N1,krec11
kint(R1),-1,-1.754068046,case40,R1,kint
kdeg(R1),-3.150672738,-3.638782287,case40,R1,kdeg
krec4(R1),-2.634081678,-2.996884283,case40,R1,krec4
k4to11(R1),-2.733086578,-3.137218858,case40,R1,k4to11
krec11(R1),-1.634175193,-1.126278428,case40,R1,krec11
kint(R2),-3.311153213,-3.643133153,case40,R2,kint
kdeg(R2),-4.190473953,-3.631322705,case40,R2,kdeg
krec4(R2),-2.76490101,-6,case40,R2,krec4
k4to11(R2),-4.036873559,-5.98505965,case40,R2,k4to11
krec11(R2),-1.009368162,-1.418653473,case40,R2,krec11
kint(N1),-2.121082005,-5.519935538,case40,N1,kint
kdeg(N1),-4.66828934,-5.98075905,case40,N1,kdeg
krec4(N1),-2.59453411,-2.396866458,case40,N1,krec4
k4to11(N1),-2.058364359,-2.64244628,case40,N1,k4to11
krec11(N1),-2.610054658,-3.781779696,case40,N1,krec11
kint(R1),-1.881669126,-2.12395545,case41,R1,kint
kdeg(R1),-3.313515671,-3.6455458,case41,R1,kdeg
krec4(R1),-3.3457368,-3.60922381,case41,R1,krec4
k4to11(R1),-3.32981911,-3.445074947,case41,R1,k4to11
krec11(R1),-1.3214361,-1.04042442,case41,R1,krec11
kint(R2),-2.866684683,-3.598961522,case41,R2,kint
kdeg(R2),-3.490461466,-3.620150821,case41,R2,kdeg
krec4(R2),-3.379000381,-4.798930769,case41,R2,krec4
k4to11(R2),-3.280022725,-5.782516056,case41,R2,k4to11
krec11(R2),-2.387247922,-1.017118469,case41,R2,krec11
kint(N1),-2.436518915,-3.381575329,case41,N1,kint
kdeg(N1),-5.914638056,-5.828010417,case41,N1,kdeg
krec4(N1),-1,-1.002687898,case41,N1,krec4
k4to11(N1),-1.623769887,-1.032138584,case41,N1,k4to11
krec11(N1),-1.275945431,-3.136183634,case41,N1,krec11
kint(R1),-1.136451128,-1.84417831,case42,R1,kint
kdeg(R1),-2.980509837,-3.636895934,case42,R1,kdeg
krec4(R1),-2.780389281,-3.74802129,case42,R1,krec4
k4to11(R1),-1.720880831,-2.912431524,case42,R1,k4to11
krec11(R1),-1.009101985,-1.000091211,case42,R1,krec11
kint(R2),-1.866748588,-3.642579754,case42,R2,kint
kdeg(R2),-4.486715795,-3.630635691,case42,R2,kdeg
krec4(R2),-3.149543695,-5.992679047,case42,R2,krec4
k4to11(R2),-2.967059062,-5.86588667,case42,R2,k4to11
krec11(R2),-1.017651867,-1.037853315,case42,R2,krec11
kint(N1),-3.479437869,-3.349702193,case42,N1,kint
kdeg(N1),-4.323864474,-5.251354654,case42,N1,kdeg
krec4(N1),-1.747802545,-1.985563472,case42,N1,krec4
k4to11(N1),-2.133464564,-1.064976673,case42,N1,k4to11
krec11(N1),-1.773090915,-2.832239734,case42,N1,krec11
kint(R1),-2.265824467,-1.622220364,case43,R1,kint
kdeg(R1),-3.356241451,-3.636952405,case43,R1,kdeg
krec4(R1),-1.710723281,-2.770164633,case43,R1,krec4
k4to11(R1),-2.970210529,-3.142028596,case43,R1,k4to11
krec11(R1),-1.436388409,-1.034708908,case43,R1,krec11
kint(R2),-2.889241991,-3.643305041,case43,R2,kint
kdeg(R2),-3.114791488,-3.631285541,case43,R2,kdeg
krec4(R2),-3.216167857,-6,case43,R2,krec4
k4to11(R2),-2.654391049,-6,case43,R2,k4to11
krec11(R2),-1.423866055,-1.003908816,case43,R2,krec11
kint(N1),-2.690178274,-3.180456064,case43,N1,kint
kdeg(N1),-4.749994972,-5.909706669,case43,N1,kdeg
krec4(N1),-2.40217323,-1.111753092,case43,N1,krec4
k4to11(N1),-1.391163867,-2.353684514,case43,N1,k4to11
krec11(N1),-2.092030006,-4.45459391,case43,N1,krec11
kint(R1),-1,-1.797729702,case44,R1,kint
kdeg(R1),-3.996151878,-3.639614886,case44,R1,kdeg
krec4(R1),-1.708942106,-2.992636346,case44,R1,krec4
k4to11(R1),-1.937493225,-3.279931701,case44,R1,k4to11
krec11(R1),-1,-1.000004343,case44,R1,krec11
kint(R2),-3.443420122,-3.619571665,case44,R2,kint
kdeg(R2),-3.744462174,-3.635430245,case44,R2,kdeg
krec4(R2),-3.338708023,-5.968551138,case44,R2,krec4
k4to11(R2),-2.253000151,-5.287678668,case44,R2,k4to11
krec11(R2),-1.897052032,-1.161661033,case44,R2,krec11
kint(N1),-2.621656616,-3.291604597,case44,N1,kint
kdeg(N1),-5.284222214,-6,case44,N1,kdeg
krec4(N1),-1.571622199,-1.008951224,case44,N1,krec4
k4to11(N1),-1.623185888,-1.911155437,case44,N1,k4to11
krec11(N1),-1,-3.768734352,case44,N1,krec11
kint(R1),-1,-1.662341109,case45,R1,kint
kdeg(R1),-3.337138328,-3.637385598,case45,R1,kdeg
krec4(R1),-1.671273915,-2.850657701,case45,R1,krec4
k4to11(R1),-2.466113602,-3.097186964,case45,R1,k4to11
krec11(R1),-2.284606767,-1.000026058,case45,R1,krec11
kint(R2),-2.612414429,-3.642942246,case45,R2,kint
kdeg(R2),-4.454062315,-3.631359871,case45,R2,kdeg
krec4(R2),-2.955381854,-5.992380225,case45,R2,krec4
k4to11(R2),-3.155367525,-5.969602699,case45,R2,k4to11
krec11(R2),-1.773528985,-1.008441683,case45,R2,krec11
kint(N1),-3.123026267,-3.282612463,case45,N1,kint
kdeg(N1),-5.141486864,-5.99991315,case45,N1,kdeg
krec4(N1),-1.922341451,-1.156213025,case45,N1,krec4
k4to11(N1),-1.699035153,-2.245017507,case45,N1,k4to11
krec11(N1),-2.287923002,-4.23852322,case45,N1,krec11
kint(R1),-2.313640838,-1.583625808,case46,R1,kint
kdeg(R1),-3.996410233,-3.636200055,case46,R1,kdeg
krec4(R1),-3.106044152,-2.726188801,case46,R1,krec4
k4to11(R1),-1.720949352,-3.086795647,case46,R1,k4to11
krec11(R1),-1,-1,case46,R1,krec11
kint(R2),-2.636312824,-3.642465345,case46,R2,kint
kdeg(R2),-3.025686387,-3.631285541,case46,R2,kdeg
krec4(R2),-2.978066834,-5.99161277,case46,R2,krec4
k4to11(R2),-3.064024432,-5.986025823,case46,R2,k4to11
krec11(R2),-2.510168033,-1.122127834,case46,R2,krec11
kint(N1),-3.091804607,-4.624555874,case46,N1,kint
kdeg(N1),-5.390010957,-6,case46,N1,kdeg
krec4(N1),-2.547339717,-2.22562904,case46,N1,krec4
k4to11(N1),-1.00562125,-2.738451662,case46,N1,k4to11
krec11(N1),-1,-3.868862726,case46,N1,krec11
kint(R1),-1.503236356,-1.894251444,case47,R1,kint
kdeg(R1),-2.944048595,-3.638574387,case47,R1,kdeg
krec4(R1),-2.745911353,-3.340997063,case47,R1,krec4
k4to11(R1),-2.974161836,-3.104229495,case47,R1,k4to11
krec11(R1),-1,-1,case47,R1,krec11
kint(R2),-3.000734579,-3.613911445,case47,R2,kint
kdeg(R2),-3.564442287,-3.634661798,case47,R2,kdeg
krec4(R2),-2.953817109,-5.307902511,case47,R2,krec4
k4to11(R2),-2.864899166,-5.328938292,case47,R2,k4to11
krec11(R2),-1.169732199,-1,case47,R2,krec11
kint(N1),-2.704938955,-3.391110424,case47,N1,kint
kdeg(N1),-4.689136826,-4.823185519,case47,N1,kdeg
krec4(N1),-1.79827523,-1.441075536,case47,N1,krec4
k4to11(N1),-1.399735178,-1.010261046,case47,N1,k4to11
krec11(N1),-2.41616669,-3.009581221,case47,N1,krec11
kint(R1),-1,-1.789842062,case48,R1,kint
kdeg(R1),-3.241247025,-3.637875815,case48,R1,kdeg
krec4(R1),-3.189444906,-3.168763901,case48,R1,krec4
k4to11(R1),-1.686153862,-3.047469084,case48,R1,k4to11
krec11(R1),-1,-1.000065149,case48,R1,krec11
kint(R2),-3.34139722,-3.626738494,case48,R2,kint
kdeg(R2),-2.518442721,-3.640430106,case48,R2,kdeg
krec4(R2),-3.414606958,-5.934906011,case48,R2,krec4
k4to11(R2),-3.286669092,-5.999956573,case48,R2,k4to11
krec11(R2),-1.148356462,-1.000943443,case48,R2,krec11
kint(N1),-2.076098301,-3.043524213,case48,N1,kint
kdeg(N1),-4.911970282,-5.974243685,case48,N1,kdeg
krec4(N1),-1.644816764,-1.04222037,case48,N1,krec4
k4to11(N1),-2.018244798,-1.033675198,case48,N1,k4to11
krec11(N1),-1,-2.852849475,case48,N1,krec11
kint(R1),-1.904830649,-2.257950789,case49,R1,kint
kdeg(R1),-3.910801633,-3.643037689,case49,R1,kdeg
krec4(R1),-2.079558377,-3.751168807,case49,R1,krec4
k4to11(R1),-3.357614629,-3.704740864,case49,R1,k4to11
krec11(R1),-1,-1,case49,R1,krec11
kint(R2),-2.672110018,-3.634306148,case49,R2,kint
kdeg(R2),-3.001622947,-3.623550795,case49,R2,kdeg
krec4(R2),-2.32497362,-5.464693218,case49,R2,krec4
k4to11(R2),-3.685732401,-5.489401377,case49,R2,k4to11
krec11(R2),-1,-1.00327386,case49,R2,krec11
kint(N1),-3.161465729,-3.681206495,case49,N1,kint
kdeg(N1),-4.448306085,-5.092954288,case49,N1,kdeg
krec4(N1),-1.452606854,-1.000008686,case49,N1,krec4
k4to11(N1),-1.209299745,-2.01780568,case49,N1,k4to11
krec11(N1),-1.549412212,-4.18064035,case49,N1,krec11
kint(R1),-1,-1.762255246,case50,R1,kint
kdeg(R1),-3.940853281,-3.636312824,case50,R1,kdeg
krec4(R1),-3.270114685,-3.128771601,case50,R1,krec4
k4to11(R1),-3.095403456,-3.022276395,case50,R1,k4to11
krec11(R1),-2.222964872,-1,case50,R1,krec11
kint(R2),-1.933450461,-3.622456992,case50,R2,kint
kdeg(R2),-3.928375701,-3.640392155,case50,R2,kdeg
krec4(R2),-2.054368954,-5.816530854,case50,R2,krec4
k4to11(R2),-2.433480017,-5.736742773,case50,R2,k4to11
krec11(R2),-2.014416364,-1.017538805,case50,R2,krec11
kint(N1),-1.883558302,-3.022441001,case50,N1,kint
kdeg(N1),-4.275200016,-5.948268804,case50,N1,kdeg
krec4(N1),-1,-1,case50,N1,krec4
k4to11(N1),-1,-1.004825665,case50,N1,k4to11
krec11(N1),-1,-2.786934038,case50,N1,krec11
kint(R1),-2.244353781,-2.070499332,case51,R1,kint
kdeg(R1),-3.434081378,-3.642617897,case51,R1,kdeg
krec4(R1),-2.545292307,-3.565271458,case51,R1,krec4
k4to11(R1),-2.262473413,-3.351230286,case51,R1,k4to11
krec11(R1),-1.177740362,-1.001095803,case51,R1,krec11
kint(R2),-2.069494145,-3.616543703,case51,R2,kint
kdeg(R2),-4.458483159,-3.628156645,case51,R2,kdeg
krec4(R2),-2.565000209,-5.489240576,case51,R2,krec4
k4to11(R2),-2.500642887,-5.186178915,case51,R2,k4to11
krec11(R2),-1.876932756,-1.000304113,case51,R2,krec11
kint(N1),-2.470146338,-3.418482691,case51,N1,kint
kdeg(N1),-4.318125878,-5.044889769,case51,N1,kdeg
krec4(N1),-1.555720936,-1.386972583,case51,N1,krec4
k4to11(N1),-1.38327249,-1.000056462,case51,N1,k4to11
krec11(N1),-1.845576027,-3.119277848,case51,N1,krec11
kint(R1),-1,-1.835438971,case52,R1,kint
kdeg(R1),-3.667601941,-3.640240384,case52,R1,kdeg
krec4(R1),-3.54228459,-3.005854487,case52,R1,krec4
k4to11(R1),-3.506667445,-3.396163042,case52,R1,k4to11
krec11(R1),-1.192498797,-1.000112931,case52,R1,krec11
kint(R2),-3.022152981,-3.608376922,case52,R2,kint
kdeg(R2),-4.20246933,-3.619897345,case52,R2,kdeg
krec4(R2),-3.192295887,-4.868285122,case52,R2,krec4
k4to11(R2),-2.629116983,-5.829708941,case52,R2,k4to11
krec11(R2),-1.026424223,-1,case52,R2,krec11
kint(N1),-3.341568829,-3.840583212,case52,N1,kint
kdeg(N1),-4.498502554,-4.802168307,case52,N1,kdeg
krec4(N1),-1.288361462,-1.453938782,case52,N1,krec4
k4to11(N1),-1.598513298,-2.387830946,case52,N1,k4to11
krec11(N1),-2.545810886,-4.373875293,case52,N1,krec11
kint(R1),-1,-1.803492208,case53,R1,kint
kdeg(R1),-4.211047212,-3.638857912,case53,R1,kdeg
krec4(R1),-2.253700601,-3.173627127,case53,R1,krec4
k4to11(R1),-2.227091805,-3.075922397,case53,R1,k4to11
krec11(R1),-1,-1,case53,R1,krec11
kint(R2),-2.632383208,-3.638404361,case53,R2,kint
kdeg(R2),-4.411717086,-3.626536278,case53,R2,kdeg
krec4(R2),-2.825358807,-5.740310577,case53,R2,krec4
k4to11(R2),-4.052291867,-5.655843606,case53,R2,k4to11
krec11(R2),-2.436044535,-1.17804127,case53,R2,krec11
kint(N1),-1.914745109,-3.095879787,case53,N1,kint
kdeg(N1),-5.308635557,-5.49765483,case53,N1,kdeg
krec4(N1),-2.321117585,-1.086790343,case53,N1,krec4
k4to11(N1),-1,-1.025327146,case53,N1,k4to11
krec11(N1),-2.328170194,-2.938622926,case53,N1,krec11
kint(R1),-1.850380658,-2.112985054,case54,R1,kint
kdeg(R1),-3.49011229,-3.645066033,case54,R1,kdeg
krec4(R1),-3.143929997,-3.641227849,case54,R1,krec4
k4to11(R1),-2.934158966,-3.395881994,case54,R1,k4to11
krec11(R1),-1.963730504,-1.005199101,case54,R1,krec11
kint(R2),-2.115153679,-3.589729036,case54,R2,kint
kdeg(R2),-4.335602501,-3.625838439,case54,R2,kdeg
krec4(R2),-2.896778008,-5.878637159,case54,R2,krec4
k4to11(R2),-3.056564845,-4.724504369,case54,R2,k4to11
krec11(R2),-1.825387858,-1.235861244,case54,R2,krec11
kint(N1),-2.86502646,-3.607355798,case54,N1,kint
kdeg(N1),-4.970575636,-4.809472213,case54,N1,kdeg
krec4(N1),-2.383303981,-1.422198101,case54,N1,krec4
k4to11(N1),-1.263603498,-1.000017372,case54,N1,k4to11
krec11(N1),-1,-3.236317495,case54,N1,krec11
kint(R1),-2.138196852,-1.639766439,case55,R1,kint
kdeg(R1),-3.135750049,-3.637178365,case55,R1,kdeg
krec4(R1),-1.699143757,-2.80421101,case55,R1,krec4
k4to11(R1),-3.147014031,-3.116185311,case55,R1,k4to11
krec11(R1),-1.736103669,-1.030374447,case55,R1,krec11
kint(R2),-2.549581519,-3.634886568,case55,R2,kint
kdeg(R2),-4.18170151,-3.627032794,case55,R2,kdeg
krec4(R2),-2.4462019,-5.934607038,case55,R2,krec4
k4to11(R2),-3.219553067,-5.585728772,case55,R2,k4to11
krec11(R2),-1.149604981,-1.000847701,case55,R2,krec11
kint(N1),-3.170664058,-3.22775166,case55,N1,kint
kdeg(N1),-5.922159897,-5.327089755,case55,N1,kdeg
krec4(N1),-1.72092651,-1.119924192,case55,N1,krec4
k4to11(N1),-1.678940371,-2.18726708,case55,N1,k4to11
krec11(N1),-1.867452158,-4.0038168,case55,N1,krec11
kint(R1),-2.020711187,-1.582096718,case56,R1,kint
kdeg(R1),-2.73400363,-3.637178365,case56,R1,kdeg
krec4(R1),-1.727091387,-2.736340265,case56,R1,krec4
k4to11(R1),-3.098454502,-3.08436804,case56,R1,k4to11
krec11(R1),-1.754363971,-1.000091211,case56,R1,krec11
kint(R2),-2.340835199,-3.638498812,case56,R2,kint
kdeg(R2),-4.128362859,-3.629116983,case56,R2,kdeg
krec4(R2),-2.699165481,-5.66903863,case56,R2,krec4
k4to11(R2),-3.74797267,-5.695962098,case56,R2,k4to11
krec11(R2),-1.029699625,-1.006440333,case56,R2,krec11
kint(N1),-2.612681375,-3.181312337,case56,N1,kint
kdeg(N1),-4.330227675,-5.925220118,case56,N1,kdeg
krec4(N1),-1.422312926,-1.113988956,case56,N1,krec4
k4to11(N1),-1.743570918,-2.148625447,case56,N1,k4to11
krec11(N1),-1,-3.980136286,case56,N1,krec11
kint(R1),-2.196829777,-1.320236064,case57,R1,kint
kdeg(R1),-3.662041836,-3.636030955,case57,R1,kdeg
krec4(R1),-2.899009477,-2.340635333,case57,R1,krec4
k4to11(R1),-2.510843386,-3.247206589,case57,R1,k4to11
krec11(R1),-2.189760759,-1,case57,R1,krec11
kint(R2),-2.943857738,-3.643037689,case57,R2,kint
kdeg(R2),-3.474346311,-3.631378456,case57,R2,kdeg
krec4(R2),-2.831443593,-5.999782907,case57,R2,krec4
k4to11(R2),-2.86480372,-5.999826317,case57,R2,k4to11
krec11(R2),-2.178015095,-1.083698739,case57,R2,krec11
kint(N1),-2.679708281,-3.871697683,case57,N1,kint
kdeg(N1),-5.789627966,-5.574645142,case57,N1,kdeg
krec4(N1),-2.113018855,-1.840553127,case57,N1,krec4
k4to11(N1),-2.481630849,-3.09064726,case57,N1,k4to11
krec11(N1),-1.134973056,-4.717513838,case57,N1,krec11
kint(R1),-1.372419098,-1.534587403,case58,R1,kint
kdeg(R1),-4.300396388,-3.626591419,case58,R1,kdeg
krec4(R1),-1.737145655,-3.153347489,case58,R1,krec4
k4to11(R1),-1.940853281,-2.626940804,case58,R1,k4to11
krec11(R1),-1.670297103,-1.132302756,case58,R1,krec11
kint(R2),-3.303433942,-3.641227849,case58,R2,kint
kdeg(R2),-2.809052321,-3.630617138,case58,R2,kdeg
krec4(R2),-3.221646126,-5.873024861,case58,R2,krec4
k4to11(R2),-2.691200896,-5.82139711,case58,R2,k4to11
krec11(R2),-1.079193406,-1.109618109,case58,R2,krec11
kint(N1),-1.894728317,-3.146210559,case58,N1,kint
kdeg(N1),-5.216539513,-5.994862404,case58,N1,kdeg
krec4(N1),-1.335978889,-1.975678558,case58,N1,krec4
k4to11(N1),-1.914352712,-1,case58,N1,k4to11
krec11(N1),-1.35333166,-2.58063913,case58,N1,krec11
kint(R1),-1,-2.072814482,case59,R1,kint
kdeg(R1),-3.503042691,-3.643649022,case59,R1,kdeg
krec4(R1),-3.378439465,-3.697885623,case59,R1,krec4
k4to11(R1),-2.94699843,-3.273549915,case59,R1,k4to11
krec11(R1),-1,-1,case59,R1,krec11
kint(R2),-3.066968505,-3.578609983,case59,R2,kint
kdeg(R2),-4.484589828,-3.627364119,case59,R2,kdeg
krec4(R2),-2.334916434,-4.666794627,case59,R2,krec4
k4to11(R2),-3.293350481,-5.704015299,case59,R2,k4to11
krec11(R2),-1.570780825,-1.000191132,case59,R2,krec11
kint(N1),-2.918616683,-3.573651426,case59,N1,kint
kdeg(N1),-4.410474853,-5.539432888,case59,N1,kdeg
krec4(N1),-2.526615229,-1.69030597,case59,N1,krec4
k4to11(N1),-1,-1,case59,N1,k4to11
krec11(N1),-2.61742468,-3.111253428,case59,N1,krec11
kint(R1),-1,-1.841426444,case60,R1,kint
kdeg(R1),-3.340330952,-3.639993868,case60,R1,kdeg
krec4(R1),-2.924818145,-3.070862179,case60,R1,krec4
k4to11(R1),-1.986657096,-3.278560383,case60,R1,k4to11
krec11(R1),-1,-1,case60,R1,krec11
kint(R2),-2.456776549,-3.597429132,case60,R2,kint
kdeg(R2),-3.371979099,-3.623076476,case60,R2,kdeg
krec4(R2),-2.422037395,-4.998612477,case60,R2,krec4
k4to11(R2),-3.85309713,-5.013098445,case60,R2,k4to11
krec11(R2),-2.178329289,-1.272597024,case60,R2,krec11
kint(N1),-1.977118187,-3.313176113,case60,N1,kint
kdeg(N1),-5.21885522,-5.999739501,case60,N1,kdeg
krec4(N1),-1,-1,case60,N1,krec4
k4to11(N1),-1.480565805,-1.67321369,case60,N1,k4to11
krec11(N1),-1.120944282,-3.582561524,case60,N1,krec11
kint(R1),-1.667177914,-2.034501969,case61,R1,kint
kdeg(R1),-4.414697224,-3.64299951,case61,R1,kdeg
krec4(R1),-2.467322043,-3.548121498,case61,R1,krec4
k4to11(R1),-2.384544463,-3.2748973,case61,R1,k4to11
krec11(R1),-1,-1,case61,R1,krec11
kint(R2),-2.178624053,-3.579912167,case61,R2,kint
kdeg(R2),-4.124817151,-3.617082865,case61,R2,kdeg
krec4(R2),-2.082872759,-4.735938129,case61,R2,krec4
k4to11(R2),-3.020897985,-4.96090329,case61,R2,k4to11
krec11(R2),-2.72010502,-1.000477987,case61,R2,krec11
kint(N1),-3.550675907,-3.523414706,case61,N1,kint
kdeg(N1),-5.660568435,-5.787306458,case61,N1,kdeg
krec4(N1),-1.33216429,-1.524285239,case61,N1,krec4
k4to11(N1),-1,-1,case61,N1,k4to11
krec11(N1),-1,-3.031773968,case61,N1,krec11
kint(R1),-1.148778354,-1.592490127,case62,R1,kint
kdeg(R1),-3.14568181,-3.634231312,case62,R1,kdeg
krec4(R1),-1.808632834,-2.920746378,case62,R1,krec4
k4to11(R1),-2.587673878,-2.840523044,case62,R1,k4to11
krec11(R1),-1,-1,case62,R1,krec11
kint(R2),-2.934084332,-3.638536598,case62,R2,kint
kdeg(R2),-4.230511899,-3.634643072,case62,R2,kdeg
krec4(R2),-2.631806122,-5.922486749,case62,R2,krec4
k4to11(R2),-3.332070985,-5.961062081,case62,R2,k4to11
krec11(R2),-1.769602175,-1.194512735,case62,R2,krec11
kint(N1),-3.09838913,-2.85983777,case62,N1,kint
kdeg(N1),-5.688903374,-5.982173962,case62,N1,kdeg
krec4(N1),-1.286349881,-1.016671462,case62,N1,krec4
k4to11(N1),-1,-1,case62,N1,k4to11
krec11(N1),-1.090759644,-2.622183971,case62,N1,krec11
kint(R1),-1.826580616,-1.694347739,case63,R1,kint
kdeg(R1),-2.728344228,-3.640866784,case63,R1,kdeg
krec4(R1),-2.364858194,-2.874811616,case63,R1,krec4
k4to11(R1),-2.851860263,-3.190063387,case63,R1,k4to11
krec11(R1),-2.203286937,-1.229560396,case63,R1,krec11
kint(R2),-3.234011243,-3.640904776,case63,R2,kint
kdeg(R2),-3.611064419,-3.628728899,case63,R2,kdeg
krec4(R2),-3.535838458,-5.922813846,case63,R2,krec4
k4to11(R2),-3.541467905,-5.75352604,case63,R2,k4to11
krec11(R2),-2.494660059,-1.210764887,case63,R2,krec11
kint(N1),-3.157303411,-3.351093805,case63,N1,kint
kdeg(N1),-5.872700785,-4.237478981,case63,N1,kdeg
krec4(N1),-1.033891134,-1,case63,N1,krec4
k4to11(N1),-1.780101261,-2.050448993,case63,N1,k4to11
krec11(N1),-1.593579054,-4.557488875,case63,N1,krec11
kint(R1),-1.579829634,-2.022701754,case64,R1,kint
kdeg(R1),-4.590574131,-3.640487039,case64,R1,kdeg
krec4(R1),-2.94792197,-3.648338948,case64,R1,krec4
k4to11(R1),-1.987669044,-3.232443432,case64,R1,k4to11
krec11(R1),-2.177995466,-1.010212134,case64,R1,krec11
kint(R2),-3.232858982,-3.57709842,case64,R2,kint
kdeg(R2),-3.095365588,-3.615073402,case64,R2,kdeg
krec4(R2),-2.555050066,-4.774535641,case64,R2,krec4
k4to11(R2),-3.122283199,-4.958054928,case64,R2,k4to11
krec11(R2),-2.177230604,-1.001666541,case64,R2,krec11
kint(N1),-2.393296259,-3.62670172,case64,N1,kint
kdeg(N1),-4.555128021,-5.891807195,case64,N1,kdeg
krec4(N1),-2.158352764,-1.965371543,case64,N1,krec4
k4to11(N1),-1.022674299,-1.000334536,case64,N1,k4to11
krec11(N1),-1.846612021,-3.038517207,case64,N1,krec11
kint(R1),-1.89537634,-1.447611672,case65,R1,kint
kdeg(R1),-4.333313576,-3.636068527,case65,R1,kdeg
krec4(R1),-3.468661613,-2.492049727,case65,R1,krec4
k4to11(R1),-2.451045814,-3.23512179,case65,R1,k4to11
krec11(R1),-1,-1,case65,R1,krec11
kint(R2),-2.593902856,-3.64320954,case65,R2,kint
kdeg(R2),-4.300943145,-3.631378456,case65,R2,kdeg
krec4(R2),-3.404812524,-6,case65,R2,krec4
k4to11(R2),-3.059578154,-6,case65,R2,k4to11
krec11(R2),-2.252510508,-1.381596241,case65,R2,krec11
kint(N1),-2.277530614,-4.859020837,case65,N1,kint
kdeg(N1),-4.350266085,-6,case65,N1,kdeg
krec4(N1),-2.614215041,-2.449710483,case65,N1,krec4
k4to11(N1),-2.469697826,-3.312613746,case65,N1,k4to11
krec11(N1),-1.463391061,-4.09305651,case65,N1,krec11
kint(R1),-1.901010361,-2.218977442,case66,R1,kint
kdeg(R1),-2.932371283,-3.647547338,case66,R1,kdeg
krec4(R1),-2.272833016,-3.691414246,case66,R1,krec4
k4to11(R1),-2.962693049,-3.617208766,case66,R1,k4to11
krec11(R1),-2.075219497,-1.000004343,case66,R1,krec11
kint(R2),-2.793903055,-3.565878394,case66,R2,kint
kdeg(R2),-4.009909892,-3.621347775,case66,R2,kdeg
krec4(R2),-2.16222854,-5.930627946,case66,R2,krec4
k4to11(R2),-3.517526609,-4.645257877,case66,R2,k4to11
krec11(R2),-1.569973345,-1.000173753,case66,R2,krec11
kint(N1),-2.77502691,-3.576623038,case66,N1,kint
kdeg(N1),-5.558179228,-5.642046105,case66,N1,kdeg
krec4(N1),-1.140555462,-1.034690092,case66,N1,krec4
k4to11(N1),-2.341387688,-1.118119127,case66,N1,k4to11
krec11(N1),-1.766217285,-3.334907044,case66,N1,krec11
kint(R1),-1.327883662,-1.278074028,case67,R1,kint
kdeg(R1),-3.803575086,-3.634287438,case67,R1,kdeg
krec4(R1),-2.36914516,-2.325019514,case67,R1,krec4
k4to11(R1),-2.735843563,-3.022203257,case67,R1,k4to11
krec11(R1),-1,-1,case67,R1,krec11
kint(R2),-2.026724327,-3.638498812,case67,R2,kint
kdeg(R2),-3.501248482,-3.629579441,case67,R2,kdeg
krec4(R2),-2.597549461,-5.665687015,case67,R2,krec4
k4to11(R2),-3.621620271,-5.729717216,case67,R2,k4to11
krec11(R2),-2.493684421,-1.143059752,case67,R2,krec11
kint(N1),-2.832594043,-4.104400678,case67,N1,kint
kdeg(N1),-5.719216822,-6,case67,N1,kdeg
krec4(N1),-2.11558984,-2.072886388,case67,N1,krec4
k4to11(N1),-2.282246307,-2.911934822,case67,N1,k4to11
krec11(N1),-1.818413636,-4.260348556,case67,N1,krec11
kint(R1),-1,-1.898321649,case68,R1,kint
kdeg(R1),-2.763765137,-3.642274732,case68,R1,kdeg
krec4(R1),-2.75085058,-3.259818963,case68,R1,krec4
k4to11(R1),-2.844512138,-3.205268036,case68,R1,k4to11
krec11(R1),-2.263746958,-1.107627093,case68,R1,krec11
kint(R2),-2.546712245,-3.582329059,case68,R2,kint
kdeg(R2),-4.100119335,-3.620495061,case68,R2,kdeg
krec4(R2),-2.91150953,-5.000386694,case68,R2,krec4
k4to11(R2),-3.553587112,-5.073014821,case68,R2,k4to11
krec11(R2),-1.58405892,-1.002661679,case68,R2,krec11
kint(N1),-2.719968256,-3.222580428,case68,N1,kint
kdeg(N1),-5.057565307,-5.911863911,case68,N1,kdeg
krec4(N1),-1.025161443,-1.000017372,case68,N1,krec4
k4to11(N1),-1.046655961,-1.156113469,case68,N1,k4to11
krec11(N1),-1.508736384,-3.052228189,case68,N1,krec11
kint(R1),-2.208526904,-1.858424817,case69,R1,kint
kdeg(R1),-2.658506123,-3.637253711,case69,R1,kdeg
krec4(R1),-2.432397311,-3.510519648,case69,R1,krec4
k4to11(R1),-2.554069031,-2.97980451,case69,R1,k4to11
krec11(R1),-1.667702961,-1.000017372,case69,R1,krec11
kint(R2),-1.743883853,-3.591878803,case69,R2,kint
kdeg(R2),-3.43863621,-3.61209431,case69,R2,kdeg
krec4(R2),-3.549166066,-4.676149996,case69,R2,krec4
k4to11(R2),-3.7488243,-5.285502591,case69,R2,k4to11
krec11(R2),-2.057515725,-1.000026058,case69,R2,krec11
kint(N1),-3.440368635,-3.661105449,case69,N1,kint
kdeg(N1),-5.696739127,-4.118775166,case69,N1,kdeg
krec4(N1),-2.211407444,-1.949001921,case69,N1,krec4
k4to11(N1),-2.710991088,-1.204571884,case69,N1,k4to11
krec11(N1),-1.294084996,-3.041651167,case69,N1,krec11
kint(R1),-1.458246075,-1.41956545,case70,R1,kint
kdeg(R1),-4.049800715,-3.634287438,case70,R1,kdeg
krec4(R1),-3.387120821,-2.503153346,case70,R1,krec4
k4to11(R1),-2.884322935,-3.00833542,case70,R1,k4to11
krec11(R1),-1,-1,case70,R1,krec11
kint(R2),-3.34699986,-3.643228638,case70,R2,kint
kdeg(R2),-3.368779524,-3.631378456,case70,R2,kdeg
krec4(R2),-3.4714818,-6,case70,R2,krec4
k4to11(R2),-3.836570257,-6,case70,R2,k4to11
krec11(R2),-1.913035426,-1.525026567,case70,R2,krec11
kint(N1),-1.70007887,-5.002369012,case70,N1,kint
kdeg(N1),-6,-6,case70,N1,kdeg
krec4(N1),-1.945578476,-2.67945908,case70,N1,krec4
k4to11(N1),-2.431892188,-3.1912153,case70,N1,k4to11
krec11(N1),-1,-3.444252786,case70,N1,krec11
kint(R1),-1.040500692,-1.619173943,case71,R1,kint
kdeg(R1),-2.622620887,-3.634980257,case71,R1,kdeg
krec4(R1),-2.95546024,-2.944239535,case71,R1,krec4
k4to11(R1),-1.851089007,-2.878965698,case71,R1,k4to11
krec11(R1),-1.122703539,-1.002749081,case71,R1,krec11
kint(R2),-3.290026577,-3.605250719,case71,R2,kint
kdeg(R2),-2.637762639,-3.625343287,case71,R2,kdeg
krec4(R2),-2.498434128,-5.9996961,case71,R2,krec4
k4to11(R2),-3.170895727,-4.882662405,case71,R2,k4to11
krec11(R2),-1.835498439,-1.006149514,case71,R2,krec11
kint(N1),-2.545643043,-3.029244131,case71,N1,kint
kdeg(N1),-4.935092973,-5.083667144,case71,N1,kdeg
krec4(N1),-1.423301684,-1.144426334,case71,N1,krec4
k4to11(N1),-2.366329594,-1.150654306,case71,N1,k4to11
krec11(N1),-1.664782884,-2.779656515,case71,N1,krec11
kint(R1),-1,-2.072208893,case72,R1,kint
kdeg(R1),-4.044158374,-3.643190442,case72,R1,kdeg
krec4(R1),-3.591014232,-3.723607137,case72,R1,krec4
k4to11(R1),-1.797729702,-3.283162277,case72,R1,k4to11
krec11(R1),-1,-1,case72,R1,krec11
kint(R2),-1.985983771,-3.536644615,case72,R2,kint
kdeg(R2),-3.465567727,-3.626462769,case72,R2,kdeg
krec4(R2),-2.169449823,-4.700253067,case72,R2,krec4
k4to11(R2),-2.557551589,-4.709208817,case72,R2,k4to11
krec11(R2),-2.174703736,-1,case72,R2,krec11
kint(N1),-2.059682778,-3.66330017,case72,N1,kint
kdeg(N1),-4.756813076,-6,case72,N1,kdeg
krec4(N1),-1.485771113,-1.700667064,case72,N1,krec4
k4to11(N1),-1.908473727,-1.000199821,case72,N1,k4to11
krec11(N1),-1.285234488,-3.167938385,case72,N1,krec11
kint(R1),-1.500849245,-1.834755674,case73,R1,kint
kdeg(R1),-2.97203914,-3.63948232,case73,R1,kdeg
krec4(R1),-1.973998183,-3.153162068,case73,R1,krec4
k4to11(R1),-1.845576027,-3.15358247,case73,R1,k4to11
krec11(R1),-1.416461181,-1.017588549,case73,R1,krec11
kint(R2),-2.026276555,-3.539012002,case73,R2,kint
kdeg(R2),-3.522271158,-3.608094993,case73,R2,kdeg
krec4(R2),-3.483676206,-4.615413639,case73,R2,krec4
k4to11(R2),-3.957739593,-4.664261353,case73,R2,k4to11
krec11(R2),-2.432573655,-1.000021715,case73,R2,krec11
kint(N1),-1.637084201,-3.093896716,case73,N1,kint
kdeg(N1),-4.87422605,-5.998699067,case73,N1,kdeg
krec4(N1),-2.176180299,-1.004759798,case73,N1,krec4
k4to11(N1),-1.299668448,-1,case73,N1,k4to11
krec11(N1),-1.357159715,-2.855052366,case73,N1,krec11
kint(R1),-1.929481903,-1.921072166,case74,R1,kint
kdeg(R1),-4.484377802,-3.639236234,case74,R1,kdeg
krec4(R1),-3.320962963,-3.635261445,case74,R1,krec4
k4to11(R1),-1.795229064,-3.061350206,case74,R1,k4to11
krec11(R1),-1,-1,case74,R1,krec11
kint(R2),-2.86518563,-3.555799011,case74,R2,kint
kdeg(R2),-2.603417108,-3.616148743,case74,R2,kdeg
krec4(R2),-1.883491876,-5.07450742,case74,R2,krec4
k4to11(R2),-3.24930651,-4.562423824,case74,R2,k4to11
krec11(R2),-1.988344989,-1.551571965,case74,R2,krec11
kint(N1),-2.340616303,-3.504178247,case74,N1,kint
kdeg(N1),-5.941991767,-6,case74,N1,kdeg
krec4(N1),-2.682626237,-1.950704432,case74,N1,krec4
k4to11(N1),-2.181173901,-1.001884578,case74,N1,k4to11
krec11(N1),-2.648957794,-2.996884283,case74,N1,krec11
kint(R1),-1,-1.484961122,case75,R1,kint
kdeg(R1),-4.301438424,-3.635130201,case75,R1,kdeg
krec4(R1),-2.072547509,-2.642427216,case75,R1,krec4
k4to11(R1),-2.285636705,-2.941004906,case75,R1,k4to11
krec11(R1),-1,-1,case75,R1,krec11
kint(R2),-2.537123045,-3.610568102,case75,R2,kint
kdeg(R2),-4.042076803,-3.621002859,case75,R2,kdeg
krec4(R2),-3.011249354,-4.916461549,case75,R2,krec4
k4to11(R2),-3.510013412,-5.376771391,case75,R2,k4to11
krec11(R2),-1.243919475,-1.207524262,case75,R2,krec11
kint(N1),-2.526016977,-3.040772521,case75,N1,kint
kdeg(N1),-5.130891543,-5.559752304,case75,N1,kdeg
krec4(N1),-2.143863459,-1.035825256,case75,N1,krec4
k4to11(N1),-1.043879614,-1.858644308,case75,N1,k4to11
krec11(N1),-1.269993366,-3.4939823,case75,N1,krec11
kint(R1),-1,-1.454890898,case76,R1,kint
kdeg(R1),-4.280660425,-3.635373971,case76,R1,kdeg
krec4(R1),-3.193392728,-2.56514379,case76,R1,krec4
k4to11(R1),-2.803188457,-3.034723022,case76,R1,k4to11
krec11(R1),-1.49524378,-1.008428399,case76,R1,krec11
kint(R2),-3.150193763,-3.596673538,case76,R2,kint
kdeg(R2),-3.040305271,-3.614715545,case76,R2,kdeg
krec4(R2),-3.205867621,-4.86157098,case76,R2,krec4
k4to11(R2),-2.83082538,-5.131725957,case76,R2,k4to11
krec11(R2),-1.415838455,-1.002211839,case76,R2,krec11
kint(N1),-3.178860008,-3.012816553,case76,N1,kint
kdeg(N1),-5.056154431,-5.867708284,case76,N1,kdeg
krec4(N1),-1.214342788,-1.104820639,case76,N1,krec4
k4to11(N1),-1.435760156,-2.47298912,case76,N1,k4to11
krec11(N1),-1.485598365,-4.605968808,case76,N1,krec11
kint(R1),-1.080712659,-1.630672799,case77,R1,kint
kdeg(R1),-3.933189724,-3.635711724,case77,R1,kdeg
krec4(R1),-3.555377571,-2.854896867,case77,R1,krec4
k4to11(R1),-2.927529518,-2.994347685,case77,R1,k4to11
krec11(R1),-1,-1.000034745,case77,R1,krec11
kint(R2),-2.385503532,-3.642732345,case77,R2,kint
kdeg(R2),-3.014649882,-3.628691956,case77,R2,kdeg
krec4(R2),-2.892586503,-6,case77,R2,krec4
k4to11(R2),-3.197438344,-6,case77,R2,k4to11
krec11(R2),-2.501179622,-1.049352849,case77,R2,krec11
kint(N1),-1.926391612,-5.552935042,case77,N1,kint
kdeg(N1),-5.53844145,-6,case77,N1,kdeg
krec4(N1),-2.638026763,-2.816018781,case77,N1,krec4
k4to11(N1),-1.334222073,-3.224819327,case77,N1,k4to11
krec11(N1),-2.368272206,-3.888401475,case77,N1,krec11
kint(R1),-1,-1.145657515,case78,R1,kint
kdeg(R1),-2.872506455,-3.632681359,case78,R1,kdeg
krec4(R1),-1.601886308,-2.227377619,case78,R1,krec4
k4to11(R1),-1.903124732,-2.748532125,case78,R1,k4to11
krec11(R1),-1.604900863,-1,case78,R1,krec11
kint(R2),-2.943476276,-3.628895178,case78,R2,kint
kdeg(R2),-4.495773879,-3.630914079,case78,R2,kdeg
krec4(R2),-3.153700009,-5.508708359,case78,R2,krec4
k4to11(R2),-3.411795544,-5.438230984,case78,R2,k4to11
krec11(R2),-2.909036923,-1.000304113,case78,R2,krec11
kint(N1),-3.327837465,-3.870406772,case78,N1,kint
kdeg(N1),-5.518672052,-6,case78,N1,kdeg
krec4(N1),-2.00754369,-2.016743675,case78,N1,krec4
k4to11(N1),-2.460246629,-2.448342664,case78,N1,k4to11
krec11(N1),-1,-3.489884135,case78,N1,krec11
kint(R1),-2.330497166,-1.493183902,case79,R1,kint
kdeg(R1),-3.108724648,-3.632867808,case79,R1,kdeg
krec4(R1),-2.004584201,-2.640980772,case79,R1,krec4
k4to11(R1),-3.277876344,-2.963530801,case79,R1,k4to11
krec11(R1),-1.977901703,-1.138435721,case79,R1,krec11
kint(R2),-2.261544491,-3.595063706,case79,R2,kint
kdeg(R2),-3.539553216,-3.609170831,case79,R2,kdeg
krec4(R2),-2.410273744,-4.985563472,case79,R2,krec4
k4to11(R2),-3.85405813,-4.887763769,case79,R2,k4to11
krec11(R2),-2.368982617,-1.000034745,case79,R2,krec11
kint(N1),-3.460986665,-3.902569146,case79,N1,kint
kdeg(N1),-6,-3.946959991,case79,N1,kdeg
krec4(N1),-1.279443809,-1.599427476,case79,N1,krec4
k4to11(N1),-2.659397268,-2.146989661,case79,N1,k4to11
krec11(N1),-1.60055127,-3.83088422,case79,N1,krec11
kint(R1),-1.832800857,-2.013290952,case80,R1,kint
kdeg(R1),-4.20980635,-3.641284886,case80,R1,kdeg
krec4(R1),-2.486529357,-3.57227052,case80,R1,krec4
k4to11(R1),-2.068008489,-3.197643671,case80,R1,k4to11
krec11(R1),-1,-1.000017372,case80,R1,krec11
kint(R2),-3.365029265,-3.598582226,case80,R2,kint
kdeg(R2),-3.613554544,-3.622402374,case80,R2,kdeg
krec4(R2),-2.581582691,-5.883159898,case80,R2,krec4
k4to11(R2),-2.1692061,-4.735182177,case80,R2,k4to11
krec11(R2),-2.340768567,-1.005559661,case80,R2,krec11
kint(N1),-1.905458999,-3.418448542,case80,N1,kint
kdeg(N1),-4.557410495,-4.064986761,case80,N1,kdeg
krec4(N1),-1.923068425,-1.655057837,case80,N1,krec4
k4to11(N1),-1.45459391,-1.020574556,case80,N1,k4to11
krec11(N1),-1.849765641,-2.909847799,case80,N1,krec11
kint(R1),-1.778038348,-1.583392773,case81,R1,kint
kdeg(R1),-2.970169981,-3.63432486,case81,R1,kdeg
krec4(R1),-2.502324118,-2.771086594,case81,R1,krec4
k4to11(R1),-2.757210191,-2.989700043,case81,R1,k4to11
krec11(R1),-1.228588918,-1.043543417,case81,R1,krec11
kint(R2),-2.704542862,-3.596827985,case81,R2,kint
kdeg(R2),-4.078037952,-3.625196683,case81,R2,kdeg
krec4(R2),-3.576852468,-5.025884557,case81,R2,krec4
k4to11(R2),-4.029216259,-5.153124993,case81,R2,k4to11
krec11(R2),-2.522849793,-1.000991322,case81,R2,krec11
kint(N1),-3.538966931,-3.239585056,case81,N1,kint
kdeg(N1),-5.316052869,-5.360174973,case81,N1,kdeg
krec4(N1),-1,-1.000838998,case81,N1,krec4
k4to11(N1),-1.423393776,-1.67592342,case81,N1,k4to11
krec11(N1),-2.621965678,-3.583875628,case81,N1,krec11
kint(R1),-1.801782928,-1.83176777,case82,R1,kint
kdeg(R1),-4.292412793,-3.638574387,case82,R1,kdeg
krec4(R1),-2.070591293,-3.18164872,case82,R1,krec4
k4to11(R1),-2.104328883,-3.128100299,case82,R1,k4to11
krec11(R1),-1.53613686,-1.000082524,case82,R1,krec11
kint(R2),-1.855955363,-3.615646586,case82,R2,kint
kdeg(R2),-3.455981592,-3.626315787,case82,R2,kdeg
krec4(R2),-1.707278862,-5.396282001,case82,R2,krec4
k4to11(R2),-2.879064307,-5.188478614,case82,R2,k4to11
krec11(R2),-2.684659523,-1.002530609,case82,R2,krec11
kint(N1),-3.58399226,-3.351064564,case82,N1,kint
kdeg(N1),-5.500697906,-5.262743729,case82,N1,kdeg
krec4(N1),-1.077227846,-1.227157745,case82,N1,krec4
k4to11(N1),-2.171288558,-1.000004343,case82,N1,k4to11
krec11(N1),-2.350801488,-3.215218719,case82,N1,krec11
kint(R1),-1.031082974,-1.007437646,case83,R1,kint
kdeg(R1),-3.745862969,-3.635430245,case83,R1,kdeg
krec4(R1),-3.404978013,-1.973425882,case83,R1,krec4
k4to11(R1),-2.88153686,-3.439627028,case83,R1,k4to11
krec11(R1),-2.214129414,-1.0198875,case83,R1,krec11
kint(R2),-2.901633204,-3.643152249,case83,R2,kint
kdeg(R2),-3.492778499,-3.631322705,case83,R2,kdeg
krec4(R2),-2.668410759,-6,case83,R2,krec4
k4to11(R2),-2.581350749,-6,case83,R2,k4to11
krec11(R2),-2.603992552,-1.371549762,case83,R2,krec11
kint(N1),-2.580242454,-4.341912251,case83,N1,kint
kdeg(N1),-5.975022028,-6,case83,N1,kdeg
krec4(N1),-2.3334633,-2.594329278,case83,N1,krec4
k4to11(N1),-1.892416969,-3.913675769,case83,N1,k4to11
krec11(N1),-2.388128059,-3.928412529,case83,N1,krec11
kint(R1),-1.780389281,-1.41553308,case84,R1,kint
kdeg(R1),-3.345457688,-3.636087314,case84,R1,kdeg
krec4(R1),-2.855363532,-2.460961558,case84,R1,krec4
k4to11(R1),-3.519748655,-3.179640883,case84,R1,k4to11
krec11(R1),-1.152797636,-1,case84,R1,krec11
kint(R2),-1.841336019,-3.640790808,case84,R2,kint
kdeg(R2),-3.020834191,-3.632681359,case84,R2,kdeg
krec4(R2),-3.319202331,-5.994776575,case84,R2,krec4
k4to11(R2),-2.79128998,-5.9996961,case84,R2,k4to11
krec11(R2),-2.805374671,-1.012190781,case84,R2,krec11
kint(N1),-2.476630779,-4.966455624,case84,N1,kint
kdeg(N1),-4.619336604,-6,case84,N1,kdeg
krec4(N1),-2.512734326,-3.054309893,case84,N1,krec4
k4to11(N1),-2.206069993,-3.775544636,case84,N1,k4to11
krec11(N1),-1.881206372,-2.970900433,case84,N1,krec11
kint(R1),-1,-1.70333481,case85,R1,kint
kdeg(R1),-2.726582005,-3.636312824,case85,R1,kdeg
krec4(R1),-1.909953678,-3.280909133,case85,R1,krec4
k4to11(R1),-1.825126471,-2.836600067,case85,R1,k4to11
krec11(R1),-1.847834009,-1.036727022,case85,R1,krec11
kint(R2),-3.268733651,-3.537572052,case85,R2,kint
kdeg(R2),-4.044321869,-3.624244965,case85,R2,kdeg
krec4(R2),-2.954598777,-4.739570824,case85,R2,krec4
k4to11(R2),-3.769091481,-4.777231521,case85,R2,k4to11
krec11(R2),-1.710255015,-1,case85,R2,krec11
kint(N1),-2.77314243,-3.214186303,case85,N1,kint
kdeg(N1),-4.625361616,-5.78214772,case85,N1,kdeg
krec4(N1),-2.341940881,-1.635636645,case85,N1,krec4
k4to11(N1),-1.308441135,-1.020560896,case85,N1,k4to11
krec11(N1),-2.199145508,-2.721200686,case85,N1,krec11
kint(R1),-2.354322338,-1.511251922,case86,R1,kint
kdeg(R1),-4.460284227,-3.637366755,case86,R1,kdeg
krec4(R1),-2.625911843,-2.562423824,case86,R1,krec4
k4to11(R1),-2.452890163,-3.303320414,case86,R1,k4to11
krec11(R1),-1.16594189,-1,case86,R1,krec11
kint(R2),-2.808968391,-3.64299951,case86,R2,kint
kdeg(R2),-2.52170773,-3.63126696,case86,R2,kdeg
krec4(R2),-2.423866055,-6,case86,R2,krec4
k4to11(R2),-3.358337538,-6,case86,R2,k4to11
krec11(R2),-1.822550079,-1.733180545,case86,R2,krec11
kint(N1),-2.10965724,-5.229619343,case86,N1,kint
kdeg(N1),-4.919589993,-6,case86,N1,kdeg
krec4(N1),-2.182361924,-3.009541265,case86,N1,krec4
k4to11(N1),-2.579532647,-3.796396048,case86,N1,k4to11
krec11(N1),-1.939679971,-1.801837961,case86,N1,krec11
kint(R1),-1,-2.251842995,case87,R1,kint
kdeg(R1),-3.561853364,-3.643725499,case87,R1,kdeg
krec4(R1),-3.370722952,-3.957857817,case87,R1,krec4
k4to11(R1),-2.673275087,-3.554411363,case87,R1,k4to11
krec11(R1),-1.326389369,-1.070187833,case87,R1,krec11
kint(R2),-1.705599915,-3.622020241,case87,R2,kint
kdeg(R2),-4.471970783,-3.620893995,case87,R2,kdeg
krec4(R2),-2.517583809,-5.383073097,case87,R2,krec4
k4to11(R2),-2.339400111,-5.94435414,case87,R2,k4to11
krec11(R2),-1.871697683,-1.007742593,case87,R2,krec11
kint(N1),-3.368322911,-4.190231605,case87,N1,kint
kdeg(N1),-5.534290064,-4.792123378,case87,N1,kdeg
krec4(N1),-2.071768063,-1.335076107,case87,N1,krec4
k4to11(N1),-1.922087297,-2.179194496,case87,N1,k4to11
krec11(N1),-2.534513049,-4.274415028,case87,N1,krec11
kint(R1),-1.627272059,-1.366571946,case88,R1,kint
kdeg(R1),-4.346903314,-3.634905305,case88,R1,kdeg
krec4(R1),-3.110065529,-2.409704441,case88,R1,krec4
k4to11(R1),-3.506862734,-3.124325367,case88,R1,k4to11
krec11(R1),-1.697928946,-1,case88,R1,krec11
kint(R2),-1.960268704,-3.640316263,case88,R2,kint
kdeg(R2),-3.268911082,-3.633464981,case88,R2,kdeg
krec4(R2),-2.238538264,-6,case88,R2,krec4
k4to11(R2),-4.10185097,-5.999956573,case88,R2,k4to11
krec11(R2),-1.567704308,-1,case88,R2,krec11
kint(N1),-2.593971055,-4.895615329,case88,N1,kint
kdeg(N1),-5.796233025,-6,case88,N1,kdeg
krec4(N1),-2.362410214,-3.053130345,case88,N1,krec4
k4to11(N1),-2.342236843,-3.842996803,case88,N1,k4to11
krec11(N1),-1,-3.10959575,case88,N1,krec11
kint(R1),-1,-1.010381125,case89,R1,kint
kdeg(R1),-2.646487683,-3.635430245,case89,R1,kdeg
krec4(R1),-2.551494646,-1.972242795,case89,R1,krec4
k4to11(R1),-1.761677844,-3.670134514,case89,R1,k4to11
krec11(R1),-1,-1.30400203,case89,R1,krec11
kint(R2),-2.40763446,-3.64299951,case89,R2,kint
kdeg(R2),-3.753452182,-3.631527162,case89,R2,kdeg
krec4(R2),-2.1626515,-6,case89,R2,krec4
k4to11(R2),-3.207328211,-6,case89,R2,k4to11
krec11(R2),-1.714037838,-1.408590322,case89,R2,krec11
kint(N1),-1.619517409,-4.318948808,case89,N1,kint
kdeg(N1),-4.710232729,-6,case89,N1,kdeg
krec4(N1),-2.043644248,-2.627806281,case89,N1,krec4
k4to11(N1),-2.534200901,-3.983509868,case89,N1,k4to11
krec11(N1),-2.310043291,-3.767664723,case89,N1,krec11
kint(R1),-1.905703603,-1.245238975,case90,R1,kint
kdeg(R1),-2.71867114,-3.635599111,case90,R1,kdeg
krec4(R1),-3.164157294,-2.254480207,case90,R1,krec4
k4to11(R1),-2.670419084,-3.195431258,case90,R1,k4to11
krec11(R1),-1,-1,case90,R1,krec11
kint(R2),-2.010523485,-3.64320954,case90,R2,kint
kdeg(R2),-3.087777943,-3.631378456,case90,R2,kdeg
krec4(R2),-2.702480223,-6,case90,R2,krec4
k4to11(R2),-2.610267044,-6,case90,R2,k4to11
krec11(R2),-1.084547398,-1.599134039,case90,R2,krec11
kint(N1),-2.717627163,-4.704696855,case90,N1,kint
kdeg(N1),-5.202130267,-6,case90,N1,kdeg
krec4(N1),-2.580126825,-2.869666232,case90,N1,krec4
k4to11(N1),-1.930664965,-4.10405286,case90,N1,k4to11
krec11(N1),-1.745379426,-1,case90,N1,krec11
kint(R1),-1.189545685,-2.016689514,case91,R1,kint
kdeg(R1),-4.174807646,-3.64238909,case91,R1,kdeg
krec4(R1),-2.295866649,-3.553866871,case91,R1,krec4
k4to11(R1),-2.036547464,-3.240400137,case91,R1,k4to11
krec11(R1),-1,-1,case91,R1,krec11
kint(R2),-1.610390984,-3.503374741,case91,R2,kint
kdeg(R2),-3.376740369,-3.596347665,case91,R2,kdeg
krec4(R2),-3.063692395,-4.455758273,case91,R2,krec4
k4to11(R2),-3.451021275,-4.447453452,case91,R2,k4to11
krec11(R2),-1,-1,case91,R2,krec11
kint(N1),-2.549135308,-3.536689446,case91,N1,kint
kdeg(N1),-4.626242315,-5.894115291,case91,N1,kdeg
krec4(N1),-1.518170549,-1.483795265,case91,N1,krec4
k4to11(N1),-1.698340733,-1.015832873,case91,N1,k4to11
krec11(N1),-1.982757915,-3.034299829,case91,N1,krec11
kint(R1),-1.432103563,-1.588312967,case92,R1,kint
kdeg(R1),-3.842331727,-3.63503648,case92,R1,kdeg
krec4(R1),-2.694906704,-2.768912879,case92,R1,krec4
k4to11(R1),-2.930368897,-2.984095622,case92,R1,k4to11
krec11(R1),-1.82457517,-1,case92,R1,krec11
kint(R2),-1.611952111,-3.639501256,case92,R2,kint
kdeg(R2),-2.900215803,-3.634811632,case92,R2,kdeg
krec4(R2),-2.915495217,-5.999782907,case92,R2,krec4
k4to11(R2),-3.780520262,-5.995334767,case92,R2,k4to11
krec11(R2),-2.691200896,-1.048686771,case92,R2,krec11
kint(N1),-2.009661145,-4.986699213,case92,N1,kint
kdeg(N1),-4.853996066,-6,case92,N1,kdeg
krec4(N1),-2.561726697,-3.418425778,case92,N1,krec4
k4to11(N1),-2.479005833,-3.609630197,case92,N1,k4to11
krec11(N1),-1,-1.393661636,case92,N1,krec11
kint(R1),-2.192722107,-1.165744652,case93,R1,kint
kdeg(R1),-4.422209582,-3.636237641,case93,R1,kdeg
krec4(R1),-1.709186584,-2.149629498,case93,R1,krec4
k4to11(R1),-2.814599517,-3.380990196,case93,R1,k4to11
krec11(R1),-1,-1.000986969,case93,R1,krec11
kint(R2),-1.877718573,-3.635749269,case93,R2,kint
kdeg(R2),-2.823127714,-3.636463229,case93,R2,kdeg
krec4(R2),-3.303853382,-5.896709528,case93,R2,krec4
k4to11(R2),-3.93516778,-5.908860846,case93,R2,k4to11
krec11(R2),-2.03874981,-1.058369327,case93,R2,krec11
kint(N1),-1.984137492,-4.599669278,case93,N1,kint
kdeg(N1),-5.977447916,-6,case93,N1,kdeg
krec4(N1),-2.352705071,-2.874941849,case93,N1,krec4
k4to11(N1),-2.391003557,-4.072840162,case93,N1,k4to11
krec11(N1),-2.218610879,-1.101154198,case93,N1,krec11
kint(R1),-1.257274869,-1.000973911,case94,R1,kint
kdeg(R1),-3.357911569,-3.638158885,case94,R1,kdeg
krec4(R1),-2.0345631,-1.959279016,case94,R1,krec4
k4to11(R1),-2.462571316,-5.988091387,case94,R1,k4to11
krec11(R1),-1.183109402,-1.05387702,case94,R1,krec11
kint(R2),-2.104455913,-3.643228638,case94,R2,kint
kdeg(R2),-4.128158632,-3.631359871,case94,R2,kdeg
krec4(R2),-3.287097875,-6,case94,R2,krec4
k4to11(R2),-3.651812003,-6,case94,R2,k4to11
krec11(R2),-1.151238361,-1.022889411,case94,R2,krec11
kint(N1),-2.346642746,-4.410787874,case94,N1,kint
kdeg(N1),-4.943705113,-6,case94,N1,kdeg
krec4(N1),-2.099403493,-2.735914486,case94,N1,krec4
k4to11(N1),-2.194098335,-4.281323964,case94,N1,k4to11
krec11(N1),-1.485678086,-1.024090501,case94,N1,krec11
kint(R1),-1.943057054,-1.279857241,case95,R1,kint
kdeg(R1),-4.079532298,-3.633689133,case95,R1,kdeg
krec4(R1),-2.980842152,-2.333556904,case95,R1,krec4
k4to11(R1),-2.890151579,-2.940171618,case95,R1,k4to11
krec11(R1),-1.708542346,-1,case95,R1,krec11
kint(R2),-2.084584334,-3.64320954,case95,R2,kint
kdeg(R2),-4.428792118,-3.631341288,case95,R2,kdeg
krec4(R2),-2.927125403,-5.998006826,case95,R2,krec4
k4to11(R2),-2.62802753,-5.998093296,case95,R2,k4to11
krec11(R2),-1.038835287,-1.452582227,case95,R2,krec11
kint(N1),-1.994862404,-4.687695675,case95,N1,kint
kdeg(N1),-5.776400235,-6,case95,N1,kdeg
krec4(N1),-2.246370986,-3.156181911,case95,N1,krec4
k4to11(N1),-2.331520897,-3.700296627,case95,N1,k4to11
krec11(N1),-1,-1.000073836,case95,N1,krec11
kint(R1),-1.364948752,-1,case96,R1,kint
kdeg(R1),-3.994991179,-3.636500839,case96,R1,kdeg
krec4(R1),-2.862645889,-1.956559124,case96,R1,krec4
k4to11(R1),-3.257942923,-3.913319906,case96,R1,k4to11
krec11(R1),-1.694820662,-1.240392583,case96,R1,krec11
kint(R2),-1.550336506,-3.639842235,case96,R2,kint
kdeg(R2),-3.895444609,-3.633689133,case96,R2,kdeg
krec4(R2),-2.805069601,-5.995077051,case96,R2,krec4
k4to11(R2),-3.741219093,-5.943095149,case96,R2,k4to11
krec11(R2),-2.28497492,-1.749531203,case96,R2,krec11
kint(N1),-2.256858836,-4.400695645,case96,N1,kint
kdeg(N1),-5.453247643,-6,case96,N1,kdeg
krec4(N1),-1.992935344,-2.84067348,case96,N1,krec4
k4to11(N1),-2.672845488,-4.021413236,case96,N1,k4to11
krec11(N1),-1.172398131,-3.184681312,case96,N1,krec11
kint(R1),-1.024802636,-1.000026058,case97,R1,kint
kdeg(R1),-3.011351875,-3.636463229,case97,R1,kdeg
krec4(R1),-2.663240166,-1.967824623,case97,R1,krec4
k4to11(R1),-2.410843794,-3.440117304,case97,R1,k4to11
krec11(R1),-1,-1.001178536,case97,R1,krec11
kint(R2),-2.52975126,-3.640430106,case97,R2,kint
kdeg(R2),-4.228897789,-3.631731715,case97,R2,kdeg
krec4(R2),-2.496890563,-6,case97,R2,krec4
k4to11(R2),-3.258556868,-6,case97,R2,k4to11
krec11(R2),-1.387830946,-1.259708383,case97,R2,krec11
kint(N1),-2.004975001,-4.351054818,case97,N1,kint
kdeg(N1),-5.914352712,-6,case97,N1,kdeg
krec4(N1),-1.836331846,-2.806541457,case97,N1,krec4
k4to11(N1),-2.178558532,-3.966335037,case97,N1,k4to11
krec11(N1),-1,-1.286786755,case97,N1,krec11
kint(R1),-2.203411792,-1.896093702,case98,R1,kint
kdeg(R1),-3.782516056,-3.640657883,case98,R1,kdeg
krec4(R1),-3.558367696,-3.160276906,case98,R1,krec4
k4to11(R1),-3.426617763,-3.264472956,case98,R1,k4to11
krec11(R1),-1,-1.000221547,case98,R1,krec11
kint(R2),-2.325975199,-3.643381458,case98,R2,kint
kdeg(R2),-3.126017125,-3.631582939,case98,R2,kdeg
krec4(R2),-2.827805872,-6,case98,R2,krec4
k4to11(R2),-2.592371191,-6,case98,R2,k4to11
krec11(R2),-1.131673024,-1.012512494,case98,R2,krec11
kint(N1),-1.77994424,-5.62178385,case98,N1,kint
kdeg(N1),-5.265088212,-6,case98,N1,kdeg
krec4(N1),-1.186979753,-3.750165958,case98,N1,krec4
k4to11(N1),-1.294273095,-3.834844739,case98,N1,k4to11
krec11(N1),-1,-2.396076546,case98,N1,krec11
kint(R1),-1.034191746,-2.057709127,case99,R1,kint
kdeg(R1),-2.855612626,-3.643324144,case99,R1,kdeg
krec4(R1),-3.413829188,-3.642541614,case99,R1,krec4
k4to11(R1),-2.292676846,-3.287266141,case99,R1,k4to11
krec11(R1),-1,-1,case99,R1,krec11
kint(R2),-1.768301089,-3.505747979,case99,R2,kint
kdeg(R2),-3.774561483,-3.62345954,case99,R2,kdeg
krec4(R2),-2.904516814,-4.595748012,case99,R2,krec4
k4to11(R2),-3.219610672,-4.60623182,case99,R2,k4to11
krec11(R2),-2.85648558,-1.000191132,case99,R2,krec11
kint(N1),-3.289112931,-3.565127834,case99,N1,kint
kdeg(N1),-5.686765708,-5.956559124,case99,N1,kdeg
krec4(N1),-2.393371458,-1.636181262,case99,N1,krec4
k4to11(N1),-1,-1,case99,N1,k4to11
krec11(N1),-1.534111757,-3.211209633,case99,N1,krec11
kint(R1),-2.216932957,-1.010817249,case100,R1,kint
kdeg(R1),-4.410396633,-3.637668348,case100,R1,kdeg
krec4(R1),-2.470146338,-1.969278871,case100,R1,krec4
k4to11(R1),-2.533458594,-3.960982678,case100,R1,k4to11
krec11(R1),-1.68241716,-1,case100,R1,krec11
kint(R2),-3.217312432,-3.64320954,case100,R2,kint
kdeg(R2),-2.961737593,-3.631378456,case100,R2,kdeg
krec4(R2),-3.306959321,-6,case100,R2,krec4
k4to11(R2),-2.948538756,-6,case100,R2,k4to11
krec11(R2),-1.907103989,-1.40613821,case100,R2,krec11
kint(N1),-2.580077279,-4.382936722,case100,N1,kint
kdeg(N1),-5.539387773,-6,case100,N1,kdeg
krec4(N1),-2.601244284,-2.912076679,case100,N1,krec4
k4to11(N1),-2.039809964,-4.001283062,case100,N1,k4to11
krec11(N1),-1,-1,case100,N1,krec11